Time,Altitude,Velocity,Drogue_Deployed,Main_Deployed
0.00833333,10.5,0.267915,0,0
0.0166667,10.4957,0.53583,0,0
0.025,10.4901,0.803744,0,0
0.0333333,10.4823,1.07166,0,0
0.0416667,10.4723,1.33957,0,0
0.05,10.46,1.60749,0,0
0.0583333,10.4455,1.8754,0,0
0.0666667,10.4287,2.14331,0,0
0.075,10.4098,2.41122,0,0
0.0833333,10.3886,2.27382,0,0
0.0916667,10.3716,1.81927,0,0
0.1,10.3594,1.0835,0,0
0.108333,10.3544,0.0897757,0,0
0.116667,10.3587,1.1332,0,0
0.125,10.3741,2.55227,0,0
0.133333,10.4019,4.13095,0,0
0.141667,10.4435,5.83055,0,0
0.15,10.4996,7.61129,0,0
0.158333,10.5707,9.43338,0,0
0.166667,10.657,11.258,0,0
0.175,10.7585,13.0479,0,0
0.183333,10.8745,14.7951,0,0
0.191667,11.005,16.5092,0,0
0.2,11.1496,18.1909,0,0
0.208333,11.3081,19.8407,0,0
0.216667,11.4802,21.4666,0,0
0.225,11.6657,23.1272,0,0
0.233333,11.8655,24.8021,0,0
0.241667,12.0792,26.4915,0,0
0.25,12.3071,28.1955,0,0
0.258333,12.5492,29.9143,0,0
0.266667,12.8057,31.6478,0,0
0.275,13.0767,33.3963,0,0
0.283333,13.3623,35.1599,0,0
0.291667,13.6627,36.9386,0,0
0.3,13.978,38.7326,0,0
0.308333,14.3083,40.5419,0,0
0.316667,14.6538,42.3668,0,0
0.325,15.0145,44.2022,0,0
0.333333,15.3905,46.0399,0,0
0.341667,15.7819,47.8832,0,0
0.35,16.1886,49.7322,0,0
0.358333,16.6108,51.5869,0,0
0.366667,17.0484,53.4472,0,0
0.375,17.5016,55.3132,0,0
0.383333,17.9703,57.1849,0,0
0.391667,18.4547,59.0623,0,0
0.4,18.9547,60.9455,0,0
0.408333,19.4704,62.8345,0,0
0.416667,20.002,64.7292,0,0
0.425,20.5493,66.6297,0,0
0.433333,21.1125,68.5361,0,0
0.441667,21.6916,70.4484,0,0
0.45,22.2866,72.3666,0,0
0.458333,22.8977,74.2907,0,0
0.466667,23.5248,76.2207,0,0
0.475,24.1681,78.1567,0,0
0.483333,24.8275,80.0986,0,0
0.491667,25.5031,82.0465,0,0
0.5,26.1949,84.0004,0,0
0.508333,26.9031,85.9603,0,0
0.516667,27.6276,87.9262,0,0
0.525,28.3686,89.8942,0,0
0.533333,29.1259,91.8615,0,0
0.541667,29.8996,93.8295,0,0
0.55,30.6897,95.7983,0,0
0.558333,31.4963,97.7678,0,0
0.566667,32.3192,99.738,0,0
0.575,33.1586,101.709,0,0
0.583333,34.0144,103.681,0,0
0.591667,34.8866,105.653,0,0
0.6,35.7752,107.626,0,0
0.608333,36.6804,109.6,0,0
0.616667,37.6019,111.574,0,0
0.625,38.5399,113.554,0,0
0.633333,39.4945,115.538,0,0
0.641667,40.4656,117.525,0,0
0.65,41.4533,119.517,0,0
0.658333,42.4576,121.513,0,0
0.666667,43.4785,123.512,0,0
0.675,44.5161,125.516,0,0
0.683333,45.5705,127.523,0,0
0.691667,46.6415,129.535,0,0
0.7,47.7294,131.55,0,0
0.708333,48.8341,133.57,0,0
0.716667,49.9556,135.592,0,0
0.725,51.094,137.618,0,0
0.733333,52.2492,139.646,0,0
0.741667,53.4214,141.677,0,0
0.75,54.6105,143.711,0,0
0.758333,55.8166,145.748,0,0
0.766667,57.0397,147.788,0,0
0.775,58.2798,149.831,0,0
0.783333,59.5369,151.877,0,0
0.791667,60.8111,153.926,0,0
0.8,62.1024,155.978,0,0
0.808333,63.4107,158.033,0,0
0.816667,64.7363,160.091,0,0
0.825,66.0789,162.152,0,0
0.833333,67.4388,164.215,0,0
0.841667,68.8159,166.282,0,0
0.85,70.2102,168.352,0,0
0.858333,71.6218,170.425,0,0
0.866667,73.0506,172.501,0,0
0.875,74.4968,174.58,0,0
0.883333,75.9603,176.662,0,0
0.891667,77.4412,178.747,0,0
0.9,78.9395,180.834,0,0
0.908333,80.4551,182.925,0,0
0.916667,81.9882,185.02,0,0
0.925,83.5388,187.117,0,0
0.933333,85.1069,189.217,0,0
0.941667,86.6925,191.32,0,0
0.95,88.2956,193.426,0,0
0.958333,89.9162,195.536,0,0
0.966667,91.5545,197.648,0,0
0.975,93.2104,199.764,0,0
0.983333,94.8839,201.882,0,0
0.991667,96.5751,204.004,0,0
1,98.284,206.127,0,0
1.00833,100.011,208.253,0,0
1.01667,101.755,210.38,0,0
1.025,103.517,212.509,0,0
1.03333,105.297,214.64,0,0
1.04167,107.094,216.774,0,0
1.05,108.91,218.909,0,0
1.05833,110.743,221.046,0,0
1.06667,112.594,223.185,0,0
1.075,114.463,225.326,0,0
1.08333,116.349,227.469,0,0
1.09167,118.254,229.61,0,0
1.1,120.176,231.749,0,0
1.10833,122.116,233.886,0,0
1.11667,124.074,236.022,0,0
1.125,126.05,238.157,0,0
1.13333,128.044,240.29,0,0
1.14167,130.055,242.421,0,0
1.15,132.084,244.552,0,0
1.15833,134.131,246.68,0,0
1.16667,136.195,248.807,0,0
1.175,138.278,250.933,0,0
1.18333,140.378,253.056,0,0
1.19167,142.495,255.176,0,0
1.2,144.63,257.294,0,0
1.20833,146.783,259.408,0,0
1.21667,148.954,261.521,0,0
1.225,151.142,263.63,0,0
1.23333,153.348,265.737,0,0
1.24167,155.571,267.842,0,0
1.25,157.812,269.944,0,0
1.25833,160.07,272.043,0,0
1.26667,162.346,274.139,0,0
1.275,164.639,276.234,0,0
1.28333,166.95,278.325,0,0
1.29167,169.278,280.414,0,0
1.3,171.623,282.5,0,0
1.30833,173.986,284.584,0,0
1.31667,176.367,286.665,0,0
1.325,178.764,288.744,0,0
1.33333,181.179,290.82,0,0
1.34167,183.611,292.894,0,0
1.35,186.061,294.965,0,0
1.35833,188.527,297.033,0,0
1.36667,191.011,299.098,0,0
1.375,193.512,301.157,0,0
1.38333,196.03,303.211,0,0
1.39167,198.566,305.261,0,0
1.4,201.118,307.306,0,0
1.40833,203.687,309.346,0,0
1.41667,206.274,311.381,0,0
1.425,208.877,313.411,0,0
1.43333,211.497,315.437,0,0
1.44167,214.134,317.458,0,0
1.45,216.788,319.474,0,0
1.45833,219.459,321.486,0,0
1.46667,222.146,323.494,0,0
1.475,224.851,325.499,0,0
1.48333,227.571,327.5,0,0
1.49167,230.309,329.497,0,0
1.5,233.063,331.491,0,0
1.50833,235.834,333.482,0,0
1.51667,238.621,335.469,0,0
1.525,241.425,337.452,0,0
1.53333,244.245,339.431,0,0
1.54167,247.082,341.407,0,0
1.55,249.935,343.38,0,0
1.55833,252.805,345.349,0,0
1.56667,255.691,347.314,0,0
1.575,258.594,349.276,0,0
1.58333,261.513,351.234,0,0
1.59167,264.448,353.189,0,0
1.6,267.399,355.14,0,0
1.60833,270.367,357.087,0,0
1.61667,273.351,359.031,0,0
1.625,276.351,360.972,0,0
1.63333,279.367,362.909,0,0
1.64167,282.399,364.842,0,0
1.65,285.447,366.772,0,0
1.65833,288.512,368.698,0,0
1.66667,291.592,370.621,0,0
1.675,294.689,372.54,0,0
1.68333,297.801,374.456,0,0
1.69167,300.93,376.368,0,0
1.7,304.074,378.277,0,0
1.70833,307.234,380.183,0,0
1.71667,310.411,382.085,0,0
1.725,313.603,383.984,0,0
1.73333,316.81,385.879,0,0
1.74167,320.034,387.771,0,0
1.75,323.273,389.659,0,0
1.75833,326.528,391.544,0,0
1.76667,329.799,393.426,0,0
1.775,333.085,395.308,0,0
1.78333,336.387,397.189,0,0
1.79167,339.705,399.068,0,0
1.8,343.038,400.945,0,0
1.80833,346.387,402.821,0,0
1.81667,349.752,404.696,0,0
1.825,353.132,406.569,0,0
1.83333,356.528,408.441,0,0
1.84167,359.94,410.312,0,0
1.85,363.367,412.18,0,0
1.85833,366.809,414.048,0,0
1.86667,370.268,415.914,0,0
1.875,373.741,417.785,0,0
1.88333,377.231,419.662,0,0
1.89167,380.736,421.543,0,0
1.9,384.256,423.429,0,0
1.90833,387.793,425.32,0,0
1.91667,391.345,427.215,0,0
1.925,394.913,429.115,0,0
1.93333,398.497,431.02,0,0
1.94167,402.097,432.929,0,0
1.95,405.712,434.843,0,0
1.95833,409.344,436.761,0,0
1.96667,412.992,438.684,0,0
1.975,416.655,440.612,0,0
1.98333,420.335,442.542,0,0
1.99167,424.031,444.476,0,0
2,427.743,446.413,0,0
2.00833,431.471,448.354,0,0
2.01667,435.215,450.298,0,0
2.025,438.976,452.244,0,0
2.03333,442.753,454.194,0,0
2.04167,446.546,456.147,0,0
2.05,450.355,458.102,0,0
2.05833,454.181,460.06,0,0
2.06667,458.023,462.02,0,0
2.075,461.881,463.982,0,0
2.08333,465.756,465.711,0,0
2.09167,469.643,467.255,0,0
2.1,473.542,468.646,0,0
2.10833,477.453,469.896,0,0
2.11667,481.373,471.015,0,0
2.125,485.303,472.014,0,0
2.13333,489.24,472.903,0,0
2.14167,493.184,473.692,0,0
2.15,497.134,472.862,0,0
2.15833,501.066,472.588,0,0
2.16667,505.004,472.313,0,0
2.175,508.939,472.035,0,0
2.18333,512.872,471.755,0,0
2.19167,516.802,471.473,0,0
2.2,520.729,471.187,0,0
2.20833,524.655,470.897,0,0
2.21667,528.578,470.604,0,0
2.225,532.498,470.306,0,0
2.23333,536.416,470.002,0,0
2.24167,540.331,469.692,0,0
2.25,544.244,469.376,0,0
2.25833,548.154,469.051,0,0
2.26667,552.061,468.718,0,0
2.275,555.965,468.376,0,0
2.28333,559.866,468.023,0,0
2.29167,563.764,467.659,0,0
2.3,567.659,467.286,0,0
2.30833,571.55,466.903,0,0
2.31667,575.439,466.513,0,0
2.325,579.323,466.116,0,0
2.33333,583.205,465.714,0,0
2.34167,587.083,465.309,0,0
2.35,590.958,464.901,0,0
2.35833,594.829,464.487,0,0
2.36667,598.697,464.078,0,0
2.375,602.561,463.666,0,0
2.38333,606.422,463.254,0,0
2.39167,610.28,462.836,0,0
2.4,614.134,462.413,0,0
2.40833,617.985,461.987,0,0
2.41667,621.832,461.557,0,0
2.425,625.675,461.126,0,0
2.43333,629.515,460.694,0,0
2.44167,633.352,460.262,0,0
2.45,637.185,459.832,0,0
2.45833,641.014,459.405,0,0
2.46667,644.84,458.98,0,0
2.475,648.662,458.559,0,0
2.48333,652.481,458.142,0,0
2.49167,656.297,457.73,0,0
2.5,660.109,457.323,0,0
2.50833,663.918,456.917,0,0
2.51667,667.723,456.512,0,0
2.525,671.525,456.106,0,0
2.53333,675.324,455.7,0,0
2.54167,679.119,455.29,0,0
2.55,682.911,454.874,0,0
2.55833,686.699,454.454,0,0
2.56667,690.484,454.03,0,0
2.575,694.265,453.602,0,0
2.58333,698.042,453.17,0,0
2.59167,701.815,452.734,0,0
2.6,705.585,452.294,0,0
2.60833,709.35,451.852,0,0
2.61667,713.112,451.408,0,0
2.625,716.869,450.964,0,0
2.63333,720.622,450.523,0,0
2.64167,724.371,450.086,0,0
2.65,728.116,449.655,0,0
2.65833,731.857,449.231,0,0
2.66667,735.594,448.823,0,0
2.675,739.328,448.425,0,0
2.68333,743.059,448.037,0,0
2.69167,746.786,447.66,0,0
2.7,750.51,447.29,0,0
2.70833,754.231,446.925,0,0
2.71667,757.948,446.566,0,0
2.725,761.663,446.211,0,0
2.73333,765.375,445.861,0,0
2.74167,769.085,445.515,0,0
2.75,772.792,445.174,0,0
2.75833,776.496,444.838,0,0
2.76667,780.197,444.507,0,0
2.775,783.896,444.179,0,0
2.78333,787.592,443.854,0,0
2.79167,791.286,443.53,0,0
2.8,794.977,443.208,0,0
2.80833,798.665,442.884,0,0
2.81667,802.351,442.56,0,0
2.825,806.033,442.234,0,0
2.83333,809.712,441.905,0,0
2.84167,813.389,441.575,0,0
2.85,817.062,441.242,0,0
2.85833,820.732,440.908,0,0
2.86667,824.398,440.573,0,0
2.875,828.061,440.237,0,0
2.88333,831.72,439.903,0,0
2.89167,835.376,439.573,0,0
2.9,839.028,439.26,0,0
2.90833,842.676,438.838,0,0
2.91667,846.321,438.378,0,0
2.925,849.965,437.942,0,0
2.93333,853.606,437.513,0,0
2.94167,857.244,437.088,0,0
2.95,860.878,436.668,0,0
2.95833,864.51,436.253,0,0
2.96667,868.139,435.842,0,0
2.975,871.764,435.438,0,0
2.98333,875.387,435.038,0,0
2.99167,879.006,434.644,0,0
3,882.622,434.253,0,0
3.00833,886.234,433.862,0,0
3.01667,889.844,433.471,0,0
3.025,893.45,433.079,0,0
3.03333,897.053,432.686,0,0
3.04167,900.652,432.29,0,0
3.05,904.249,431.893,0,0
3.05833,907.842,431.496,0,0
3.06667,911.432,431.099,0,0
3.075,915.018,430.703,0,0
3.08333,918.602,430.329,0,0
3.09167,922.182,429.971,0,0
3.1,925.76,429.627,0,0
3.10833,929.335,429.295,0,0
3.11667,932.907,428.976,0,0
3.125,936.477,428.67,0,0
3.13333,940.044,428.375,0,0
3.14167,943.608,428.091,0,0
3.15,947.171,427.818,0,0
3.15833,950.731,427.546,0,0
3.16667,954.288,427.249,0,0
3.175,957.843,426.937,0,0
3.18333,961.395,426.609,0,0
3.19167,964.943,426.266,0,0
3.2,968.489,425.907,0,0
3.20833,972.032,425.533,0,0
3.21667,975.571,425.145,0,0
3.225,979.107,424.745,0,0
3.23333,982.639,424.354,0,0
3.24167,986.168,423.965,0,0
3.25,989.694,423.578,0,0
3.25833,993.217,423.193,0,0
3.26667,996.736,422.807,0,0
3.275,1000.25,422.423,0,0
3.28333,1003.76,422.039,0,0
3.29167,1007.27,421.655,0,0
3.3,1010.78,421.271,0,0
3.30833,1014.28,420.888,0,0
3.31667,1017.78,420.504,0,0
3.325,1021.28,420.12,0,0
3.33333,1024.77,419.735,0,0
3.34167,1028.26,419.348,0,0
3.35,1031.75,418.958,0,0
3.35833,1035.23,418.565,0,0
3.36667,1038.71,418.17,0,0
3.375,1042.19,417.772,0,0
3.38333,1045.66,417.384,0,0
3.39167,1049.13,417.018,0,0
3.4,1052.59,416.671,0,0
3.40833,1056.05,416.345,0,0
3.41667,1059.51,416.041,0,0
3.425,1062.97,415.755,0,0
3.43333,1066.43,415.478,0,0
3.44167,1069.88,415.185,0,0
3.45,1073.33,414.891,0,0
3.45833,1076.78,414.593,0,0
3.46667,1080.22,414.291,0,0
3.475,1083.66,413.985,0,0
3.48333,1087.1,413.671,0,0
3.49167,1090.54,413.353,0,0
3.5,1093.97,413.032,0,0
3.50833,1097.4,412.713,0,0
3.51667,1100.83,412.404,0,0
3.525,1104.26,412.058,0,0
3.53333,1107.68,411.605,0,0
3.54167,1111.09,411.195,0,0
3.55,1114.51,410.791,0,0
3.55833,1117.92,410.393,0,0
3.56667,1121.32,410.001,0,0
3.575,1124.73,409.614,0,0
3.58333,1128.13,409.232,0,0
3.59167,1131.52,408.855,0,0
3.6,1134.92,408.48,0,0
3.60833,1138.31,408.105,0,0
3.61667,1141.69,407.729,0,0
3.625,1145.08,407.353,0,0
3.63333,1148.46,406.974,0,0
3.64167,1151.84,406.594,0,0
3.65,1155.21,406.214,0,0
3.65833,1158.58,405.834,0,0
3.66667,1161.95,405.478,0,0
3.675,1165.32,405.138,0,0
3.68333,1168.68,404.813,0,0
3.69167,1172.05,404.501,0,0
3.7,1175.4,404.203,0,0
3.70833,1178.76,403.916,0,0
3.71667,1182.11,403.644,0,0
3.725,1185.47,403.372,0,0
3.73333,1188.81,403.073,0,0
3.74167,1192.16,402.757,0,0
3.75,1195.5,402.425,0,0
3.75833,1198.84,402.077,0,0
3.76667,1202.18,401.714,0,0
3.775,1205.51,401.335,0,0
3.78333,1208.84,400.955,0,0
3.79167,1212.17,400.58,0,0
3.8,1215.49,400.206,0,0
3.80833,1218.81,399.834,0,0
3.81667,1222.13,399.462,0,0
3.825,1225.44,399.091,0,0
3.83333,1228.75,398.72,0,0
3.84167,1232.06,398.35,0,0
3.85,1235.36,397.98,0,0
3.85833,1238.66,397.611,0,0
3.86667,1241.96,397.242,0,0
3.875,1245.25,396.873,0,0
3.88333,1248.55,396.505,0,0
3.89167,1251.83,396.137,0,0
3.9,1255.12,395.769,0,0
3.90833,1258.4,395.422,0,0
3.91667,1261.68,395.089,0,0
3.925,1264.96,394.77,0,0
3.93333,1268.23,394.465,0,0
3.94167,1271.5,394.174,0,0
3.95,1274.77,393.896,0,0
3.95833,1278.04,393.632,0,0
3.96667,1281.3,393.347,0,0
3.975,1284.56,393.046,0,0
3.98333,1287.82,392.73,0,0
3.99167,1291.08,392.4,0,0
4,1294.33,392.054,0,0
4.00833,1297.58,391.695,0,0
4.01667,1300.83,391.32,0,0
4.025,1304.07,390.951,0,0
4.03333,1307.31,390.582,0,0
4.04167,1310.55,390.215,0,0
4.05,1313.78,389.849,0,0
4.05833,1317.01,389.483,0,0
4.06667,1320.24,389.118,0,0
4.075,1323.46,388.753,0,0
4.08333,1326.68,388.39,0,0
4.09167,1329.9,388.026,0,0
4.1,1333.11,387.661,0,0
4.10833,1336.32,387.296,0,0
4.11667,1339.53,386.929,0,0
4.125,1342.74,386.561,0,0
4.13333,1345.94,386.192,0,0
4.14167,1349.14,385.837,0,0
4.15,1352.34,385.5,0,0
4.15833,1355.54,385.18,0,0
4.16667,1358.73,384.874,0,0
4.175,1361.92,384.582,0,0
4.18333,1365.11,384.303,0,0
4.19167,1368.29,384.037,0,0
4.2,1371.48,383.762,0,0
4.20833,1374.66,383.469,0,0
4.21667,1377.84,383.161,0,0
4.225,1381.01,382.838,0,0
4.23333,1384.19,382.498,0,0
4.24167,1387.35,382.143,0,0
4.25,1390.52,381.771,0,0
4.25833,1393.68,381.398,0,0
4.26667,1396.84,381.03,0,0
4.275,1400,380.663,0,0
4.28333,1403.15,380.3,0,0
4.29167,1406.3,379.939,0,0
4.3,1409.44,379.58,0,0
4.30833,1412.59,379.222,0,0
4.31667,1415.72,378.861,0,0
4.325,1418.86,378.498,0,0
4.33333,1422,378.13,0,0
4.34167,1425.13,377.757,0,0
4.35,1428.26,377.381,0,0
4.35833,1431.38,377.003,0,0
4.36667,1434.5,376.624,0,0
4.375,1437.63,376.281,0,0
4.38333,1440.74,375.959,0,0
4.39167,1443.86,375.655,0,0
4.4,1446.98,375.364,0,0
4.40833,1450.09,375.088,0,0
4.41667,1453.2,374.824,0,0
4.425,1456.31,374.546,0,0
4.43333,1459.41,374.258,0,0
4.44167,1462.52,373.958,0,0
4.45,1465.62,373.645,0,0
4.45833,1468.71,373.316,0,0
4.46667,1471.81,372.971,0,0
4.475,1474.9,372.612,0,0
4.48333,1477.99,372.241,0,0
4.49167,1481.07,371.878,0,0
4.5,1484.15,371.517,0,0
4.50833,1487.23,371.159,0,0
4.51667,1490.3,370.804,0,0
4.525,1493.37,370.45,0,0
4.53333,1496.44,370.095,0,0
4.54167,1499.51,369.739,0,0
4.55,1502.57,369.379,0,0
4.55833,1505.63,369.014,0,0
4.56667,1508.69,368.645,0,0
4.575,1511.74,368.273,0,0
4.58333,1514.79,367.899,0,0
4.59167,1517.84,367.524,0,0
4.6,1520.89,367.172,0,0
4.60833,1523.93,366.845,0,0
4.61667,1526.97,366.535,0,0
4.625,1530.02,366.24,0,0
4.63333,1533.05,365.958,0,0
4.64167,1536.09,365.689,0,0
4.65,1539.12,365.411,0,0
4.65833,1542.16,365.12,0,0
4.66667,1545.19,364.819,0,0
4.675,1548.21,364.508,0,0
4.68333,1551.24,364.185,0,0
4.69167,1554.26,363.85,0,0
4.7,1557.28,363.504,0,0
4.70833,1560.29,363.147,0,0
4.71667,1563.31,362.794,0,0
4.725,1566.32,362.441,0,0
4.73333,1569.32,362.088,0,0
4.74167,1572.33,361.734,0,0
4.75,1575.33,361.38,0,0
4.75833,1578.33,361.026,0,0
4.76667,1581.33,360.673,0,0
4.775,1584.32,360.322,0,0
4.78333,1587.31,359.971,0,0
4.79167,1590.3,359.622,0,0
4.8,1593.28,359.272,0,0
4.80833,1596.27,358.922,0,0
4.81667,1599.24,358.571,0,0
4.825,1602.22,358.22,0,0
4.83333,1605.19,357.886,0,0
4.84167,1608.16,357.565,0,0
4.85,1611.13,357.257,0,0
4.85833,1614.09,356.959,0,0
4.86667,1617.06,356.671,0,0
4.875,1620.02,356.391,0,0
4.88333,1622.97,356.116,0,0
4.89167,1625.93,355.841,0,0
4.9,1628.88,355.563,0,0
4.90833,1631.83,355.271,0,0
4.91667,1634.78,354.969,0,0
4.925,1637.73,354.657,0,0
4.93333,1640.67,354.319,0,0
4.94167,1643.61,353.926,0,0
4.95,1646.55,353.557,0,0
4.95833,1649.48,353.196,0,0
4.96667,1652.41,352.843,0,0
4.975,1655.34,352.495,0,0
4.98333,1658.27,352.15,0,0
4.99167,1661.19,351.803,0,0
5,1664.11,351.449,0,0
5.00833,1667.03,351.089,0,0
5.01667,1669.94,350.724,0,0
5.025,1672.85,350.357,0,0
5.03333,1675.76,349.99,0,0
5.04167,1678.67,349.649,0,0
5.05,1681.57,349.332,0,0
5.05833,1684.47,349.03,0,0
5.06667,1687.37,348.742,0,0
5.075,1690.27,348.467,0,0
5.08333,1693.17,348.195,0,0
5.09167,1696.06,347.905,0,0
5.1,1698.95,347.604,0,0
5.10833,1701.84,347.291,0,0
5.11667,1704.72,346.966,0,0
5.125,1707.61,346.627,0,0
5.13333,1710.49,346.274,0,0
5.14167,1713.36,345.924,0,0
5.15,1716.24,345.575,0,0
5.15833,1719.11,345.225,0,0
5.16667,1721.98,344.877,0,0
5.175,1724.85,344.529,0,0
5.18333,1727.71,344.183,0,0
5.19167,1730.57,343.84,0,0
5.2,1733.43,343.497,0,0
5.20833,1736.28,343.154,0,0
5.21667,1739.14,342.812,0,0
5.225,1741.99,342.469,0,0
5.23333,1744.83,342.127,0,0
5.24167,1747.68,341.801,0,0
5.25,1750.52,341.488,0,0
5.25833,1753.36,341.186,0,0
5.26667,1756.19,340.895,0,0
5.275,1759.03,340.612,0,0
5.28333,1761.86,340.337,0,0
5.29167,1764.69,340.066,0,0
5.3,1767.52,339.774,0,0
5.30833,1770.34,339.466,0,0
5.31667,1773.16,339.138,0,0
5.325,1775.98,338.783,0,0
5.33333,1778.8,338.414,0,0
5.34167,1781.61,338.056,0,0
5.35,1784.43,337.703,0,0
5.35833,1787.23,337.355,0,0
5.36667,1790.04,337.012,0,0
5.375,1792.84,336.673,0,0
5.38333,1795.64,336.334,0,0
5.39167,1798.44,335.993,0,0
5.4,1801.24,335.65,0,0
5.40833,1804.03,335.303,0,0
5.41667,1806.82,334.956,0,0
5.425,1809.6,334.612,0,0
5.43333,1812.39,334.29,0,0
5.44167,1815.17,333.983,0,0
5.45,1817.94,333.689,0,0
5.45833,1820.72,333.405,0,0
5.46667,1823.49,333.13,0,0
5.475,1826.26,332.861,0,0
5.48333,1829.03,332.581,0,0
5.49167,1831.8,332.283,0,0
5.5,1834.56,331.969,0,0
5.50833,1837.32,331.633,0,0
5.51667,1840.08,331.27,0,0
5.525,1842.83,330.915,0,0
5.53333,1845.59,330.565,0,0
5.54167,1848.34,330.22,0,0
5.55,1851.09,329.88,0,0
5.55833,1853.83,329.543,0,0
5.56667,1856.57,329.207,0,0
5.575,1859.31,328.87,0,0
5.58333,1862.05,328.532,0,0
5.59167,1864.78,328.191,0,0
5.6,1867.51,327.849,0,0
5.60833,1870.24,327.507,0,0
5.61667,1872.96,327.18,0,0
5.625,1875.68,326.869,0,0
5.63333,1878.4,326.573,0,0
5.64167,1881.12,326.287,0,0
5.65,1883.83,326.012,0,0
5.65833,1886.55,325.747,0,0
5.66667,1889.26,325.465,0,0
5.675,1891.96,325.167,0,0
5.68333,1894.67,324.855,0,0
5.69167,1897.37,324.528,0,0
5.7,1900.07,324.187,0,0
5.70833,1902.77,323.844,0,0
5.71667,1905.46,323.506,0,0
5.725,1908.15,323.169,0,0
5.73333,1910.84,322.835,0,0
5.74167,1913.53,322.501,0,0
5.75,1916.21,322.167,0,0
5.75833,1918.89,321.834,0,0
5.76667,1921.57,321.501,0,0
5.775,1924.25,321.167,0,0
5.78333,1926.92,320.834,0,0
5.79167,1929.59,320.502,0,0
5.8,1932.25,320.173,0,0
5.80833,1934.92,319.861,0,0
5.81667,1937.58,319.56,0,0
5.825,1940.24,319.271,0,0
5.83333,1942.9,318.994,0,0
5.84167,1945.55,318.728,0,0
5.85,1948.2,318.449,0,0
5.85833,1950.85,318.155,0,0
5.86667,1953.5,317.85,0,0
5.875,1956.14,317.533,0,0
5.88333,1958.79,317.205,0,0
5.89167,1961.43,316.868,0,0
5.9,1964.06,316.537,0,0
5.90833,1966.69,316.205,0,0
5.91667,1969.33,315.874,0,0
5.925,1971.95,315.543,0,0
5.93333,1974.58,315.212,0,0
5.94167,1977.2,314.881,0,0
5.95,1979.82,314.549,0,0
5.95833,1982.44,314.214,0,0
5.96667,1985.05,313.878,0,0
5.975,1987.66,313.54,0,0
5.98333,1990.27,313.202,0,0
5.99167,1992.88,312.886,0,0
6,1995.48,312.585,0,0
6.00833,1998.08,312.298,0,0
6.01667,2000.68,312.023,0,0
6.025,2003.28,311.76,0,0
6.03333,2005.87,311.48,0,0
6.04167,2008.47,311.191,0,0
6.05,2011.06,310.891,0,0
6.05833,2013.64,310.577,0,0
6.06667,2016.23,310.249,0,0
6.075,2018.81,309.903,0,0
6.08333,2021.39,309.564,0,0
6.09167,2023.96,309.227,0,0
6.1,2026.53,308.895,0,0
6.10833,2029.1,308.566,0,0
6.11667,2031.67,308.239,0,0
6.125,2034.24,307.911,0,0
6.13333,2036.8,307.578,0,0
6.14167,2039.36,307.239,0,0
6.15,2041.91,306.897,0,0
6.15833,2044.46,306.55,0,0
6.16667,2047.01,306.199,0,0
6.175,2049.56,305.942,0,0
6.18333,2052.11,305.654,0,0
6.19167,2054.65,305.37,0,0
6.2,2057.19,305.091,0,0
6.20833,2059.73,304.815,0,0
6.21667,2062.27,304.539,0,0
6.225,2064.8,304.26,0,0
6.23333,2067.33,303.976,0,0
6.24167,2069.86,303.69,0,0
6.25,2072.39,303.404,0,0
6.25833,2074.91,303.095,0,0
6.26667,2077.43,302.73,0,0
6.275,2079.95,302.39,0,0
6.28333,2082.47,302.055,0,0
6.29167,2084.98,301.725,0,0
6.3,2087.49,301.4,0,0
6.30833,2090,301.076,0,0
6.31667,2092.5,300.75,0,0
6.325,2095.01,300.421,0,0
6.33333,2097.51,300.089,0,0
6.34167,2100,299.755,0,0
6.35,2102.5,299.421,0,0
6.35833,2104.99,299.102,0,0
6.36667,2107.48,298.8,0,0
6.375,2109.96,298.509,0,0
6.38333,2112.45,298.228,0,0
6.39167,2114.93,297.954,0,0
6.4,2117.41,297.686,0,0
6.40833,2119.88,297.408,0,0
6.41667,2122.36,297.113,0,0
6.425,2124.83,296.804,0,0
6.43333,2127.3,296.48,0,0
6.44167,2129.76,296.141,0,0
6.45,2132.23,295.81,0,0
6.45833,2134.69,295.481,0,0
6.46667,2137.15,295.155,0,0
6.475,2139.6,294.831,0,0
6.48333,2142.06,294.509,0,0
6.49167,2144.51,294.187,0,0
6.5,2146.95,293.864,0,0
6.50833,2149.4,293.541,0,0
6.51667,2151.84,293.218,0,0
6.525,2154.28,292.895,0,0
6.53333,2156.72,292.577,0,0
6.54167,2159.15,292.274,0,0
6.55,2161.59,291.981,0,0
6.55833,2164.02,291.698,0,0
6.56667,2166.44,291.424,0,0
6.575,2168.87,291.16,0,0
6.58333,2171.29,290.877,0,0
6.59167,2173.71,290.583,0,0
6.6,2176.13,290.277,0,0
6.60833,2178.54,289.96,0,0
6.61667,2180.96,289.633,0,0
6.625,2183.37,289.309,0,0
6.63333,2185.77,288.987,0,0
6.64167,2188.18,288.666,0,0
6.65,2190.58,288.346,0,0
6.65833,2192.98,288.026,0,0
6.66667,2195.38,287.706,0,0
6.675,2197.77,287.386,0,0
6.68333,2200.16,287.067,0,0
6.69167,2202.55,286.747,0,0
6.7,2204.94,286.428,0,0
6.70833,2207.32,286.114,0,0
6.71667,2209.7,285.814,0,0
6.725,2212.08,285.523,0,0
6.73333,2214.45,285.242,0,0
6.74167,2216.83,284.97,0,0
6.75,2219.2,284.703,0,0
6.75833,2221.57,284.419,0,0
6.76667,2223.93,284.124,0,0
6.775,2226.3,283.82,0,0
6.78333,2228.66,283.506,0,0
6.79167,2231.02,283.183,0,0
6.8,2233.38,282.864,0,0
6.80833,2235.73,282.546,0,0
6.81667,2238.08,282.227,0,0
6.825,2240.43,281.909,0,0
6.83333,2242.78,281.592,0,0
6.84167,2245.12,281.274,0,0
6.85,2247.46,280.957,0,0
6.85833,2249.8,280.639,0,0
6.86667,2252.13,280.322,0,0
6.875,2254.46,280.005,0,0
6.88333,2256.79,279.696,0,0
6.89167,2259.12,279.398,0,0
6.9,2261.45,279.109,0,0
6.90833,2263.77,278.83,0,0
6.91667,2266.09,278.56,0,0
6.925,2268.41,278.291,0,0
6.93333,2270.72,278.005,0,0
6.94167,2273.04,277.71,0,0
6.95,2275.35,277.406,0,0
6.95833,2277.66,277.093,0,0
6.96667,2279.96,276.773,0,0
6.975,2282.27,276.457,0,0
6.98333,2284.57,276.141,0,0
6.99167,2286.86,275.825,0,0
7,2289.16,275.51,0,0
7.00833,2291.45,275.194,0,0
7.01667,2293.74,274.879,0,0
7.025,2296.03,274.564,0,0
7.03333,2298.31,274.249,0,0
7.04167,2300.6,273.934,0,0
7.05,2302.87,273.62,0,0
7.05833,2305.15,273.315,0,0
7.06667,2307.43,273.02,0,0
7.075,2309.7,272.734,0,0
7.08333,2311.97,272.456,0,0
7.09167,2314.23,272.188,0,0
7.1,2316.5,271.916,0,0
7.10833,2318.76,271.63,0,0
7.11667,2321.02,271.335,0,0
7.125,2323.28,271.031,0,0
7.13333,2325.54,270.719,0,0
7.14167,2327.79,270.401,0,0
7.15,2330.04,270.087,0,0
7.15833,2332.29,269.773,0,0
7.16667,2334.53,269.459,0,0
7.175,2336.77,269.146,0,0
7.18333,2339.01,268.833,0,0
7.19167,2341.25,268.52,0,0
7.2,2343.48,268.208,0,0
7.20833,2345.72,267.895,0,0
7.21667,2347.94,267.582,0,0
7.225,2350.17,267.269,0,0
7.23333,2352.39,266.967,0,0
7.24167,2354.62,266.675,0,0
7.25,2356.84,266.392,0,0
7.25833,2359.05,266.117,0,0
7.26667,2361.27,265.849,0,0
7.275,2363.48,265.575,0,0
7.28333,2365.69,265.289,0,0
7.29167,2367.9,264.994,0,0
7.3,2370.1,264.688,0,0
7.30833,2372.3,264.373,0,0
7.31667,2374.5,264.056,0,0
7.325,2376.7,263.742,0,0
7.33333,2378.89,263.43,0,0
7.34167,2381.09,263.118,0,0
7.35,2383.28,262.807,0,0
7.35833,2385.46,262.497,0,0
7.36667,2387.65,262.185,0,0
7.375,2389.83,261.874,0,0
7.38333,2392.01,261.561,0,0
7.39167,2394.18,261.247,0,0
7.4,2396.36,260.936,0,0
7.40833,2398.53,260.638,0,0
7.41667,2400.7,260.35,0,0
7.425,2402.86,260.072,0,0
7.43333,2405.03,259.8,0,0
7.44167,2407.19,259.535,0,0
7.45,2409.35,259.257,0,0
7.45833,2411.51,258.969,0,0
7.46667,2413.66,258.671,0,0
7.475,2415.81,258.362,0,0
7.48333,2417.96,258.041,0,0
7.49167,2420.11,257.726,0,0
7.5,2422.25,257.412,0,0
7.50833,2424.4,257.101,0,0
7.51667,2426.53,256.792,0,0
7.525,2428.67,256.483,0,0
7.53333,2430.81,256.174,0,0
7.54167,2432.94,255.863,0,0
7.55,2435.07,255.548,0,0
7.55833,2437.19,255.233,0,0
7.56667,2439.32,254.916,0,0
7.575,2441.44,254.614,0,0
7.58333,2443.55,254.326,0,0
7.59167,2445.67,254.046,0,0
7.6,2447.78,253.775,0,0
7.60833,2449.9,253.508,0,0
7.61667,2452.01,253.236,0,0
7.625,2454.11,252.955,0,0
7.63333,2456.22,252.664,0,0
7.64167,2458.32,252.362,0,0
7.65,2460.42,252.044,0,0
7.65833,2462.52,251.724,0,0
7.66667,2464.61,251.41,0,0
7.675,2466.7,251.099,0,0
7.68333,2468.79,250.791,0,0
7.69167,2470.88,250.485,0,0
7.7,2472.96,250.178,0,0
7.70833,2475.04,249.867,0,0
7.71667,2477.12,249.553,0,0
7.725,2479.2,249.235,0,0
7.73333,2481.27,248.917,0,0
7.74167,2483.34,248.625,0,0
7.75,2485.41,248.345,0,0
7.75833,2487.48,248.071,0,0
7.76667,2489.54,247.801,0,0
7.775,2491.6,247.535,0,0
7.78333,2493.66,247.264,0,0
7.79167,2495.72,246.987,0,0
7.8,2497.77,246.704,0,0
7.80833,2499.83,246.412,0,0
7.81667,2501.88,246.096,0,0
7.825,2503.92,245.774,0,0
7.83333,2505.97,245.462,0,0
7.84167,2508.01,245.152,0,0
7.85,2510.05,244.847,0,0
7.85833,2512.09,244.543,0,0
7.86667,2514.12,244.237,0,0
7.875,2516.15,243.927,0,0
7.88333,2518.18,243.613,0,0
7.89167,2520.21,243.296,0,0
7.9,2522.23,242.978,0,0
7.90833,2524.25,242.706,0,0
7.91667,2526.27,242.429,0,0
7.925,2528.29,242.157,0,0
7.93333,2530.31,241.889,0,0
7.94167,2532.32,241.622,0,0
7.95,2534.33,241.35,0,0
7.95833,2536.34,241.072,0,0
7.96667,2538.34,240.787,0,0
7.975,2540.34,240.489,0,0
7.98333,2542.34,240.163,0,0
7.99167,2544.34,239.85,0,0
8,2546.34,239.542,0,0
8.00833,2548.33,239.236,0,0
8.01667,2550.32,238.934,0,0
8.025,2552.31,238.631,0,0
8.03333,2554.29,238.326,0,0
8.04167,2556.28,238.017,0,0
8.05,2558.26,237.706,0,0
8.05833,2560.23,237.393,0,0
8.06667,2562.21,237.088,0,0
8.075,2564.18,236.802,0,0
8.08333,2566.15,236.524,0,0
8.09167,2568.12,236.252,0,0
8.1,2570.08,235.985,0,0
8.10833,2572.05,235.714,0,0
8.11667,2574.01,235.436,0,0
8.125,2575.97,235.15,0,0
8.13333,2577.92,234.854,0,0
8.14167,2579.87,234.546,0,0
8.15,2581.83,234.235,0,0
8.15833,2583.77,233.929,0,0
8.16667,2585.72,233.625,0,0
8.175,2587.66,233.323,0,0
8.18333,2589.6,233.022,0,0
8.19167,2591.54,232.721,0,0
8.2,2593.48,232.417,0,0
8.20833,2595.41,232.111,0,0
8.21667,2597.34,231.805,0,0
8.225,2599.27,231.498,0,0
8.23333,2601.2,231.199,0,0
8.24167,2603.12,230.912,0,0
8.25,2605.04,230.633,0,0
8.25833,2606.96,230.362,0,0
8.26667,2608.87,230.096,0,0
8.275,2610.79,229.822,0,0
8.28333,2612.7,229.54,0,0
8.29167,2614.61,229.252,0,0
8.3,2616.52,228.956,0,0
8.30833,2618.42,228.653,0,0
8.31667,2620.32,228.35,0,0
8.325,2622.22,228.049,0,0
8.33333,2624.12,227.749,0,0
8.34167,2626.01,227.45,0,0
8.35,2627.91,227.15,0,0
8.35833,2629.79,226.85,0,0
8.36667,2631.68,226.549,0,0
8.375,2633.57,226.247,0,0
8.38333,2635.45,225.946,0,0
8.39167,2637.33,225.644,0,0
8.4,2639.2,225.351,0,0
8.40833,2641.08,225.065,0,0
8.41667,2642.95,224.787,0,0
8.425,2644.82,224.516,0,0
8.43333,2646.69,224.25,0,0
8.44167,2648.55,223.975,0,0
8.45,2650.42,223.692,0,0
8.45833,2652.28,223.404,0,0
8.46667,2654.13,223.109,0,0
8.475,2655.99,222.809,0,0
8.48333,2657.84,222.51,0,0
8.49167,2659.69,222.212,0,0
8.5,2661.54,221.914,0,0
8.50833,2663.39,221.616,0,0
8.51667,2665.23,221.317,0,0
8.525,2667.07,221.019,0,0
8.53333,2668.91,220.721,0,0
8.54167,2670.74,220.423,0,0
8.55,2672.58,220.125,0,0
8.55833,2674.41,219.827,0,0
8.56667,2676.24,219.538,0,0
8.575,2678.06,219.255,0,0
8.58333,2679.89,218.978,0,0
8.59167,2681.71,218.706,0,0
8.6,2683.53,218.441,0,0
8.60833,2685.34,218.165,0,0
8.61667,2687.16,217.882,0,0
8.625,2688.97,217.594,0,0
8.63333,2690.78,217.299,0,0
8.64167,2692.59,216.999,0,0
8.65,2694.39,216.702,0,0
8.65833,2696.19,216.405,0,0
8.66667,2697.99,216.108,0,0
8.675,2699.79,215.812,0,0
8.68333,2701.58,215.515,0,0
8.69167,2703.38,215.219,0,0
8.7,2705.17,214.923,0,0
8.70833,2706.95,214.626,0,0
8.71667,2708.74,214.331,0,0
8.725,2710.52,214.036,0,0
8.73333,2712.3,213.749,0,0
8.74167,2714.08,213.468,0,0
8.75,2715.85,213.192,0,0
8.75833,2717.62,212.922,0,0
8.76667,2719.4,212.656,0,0
8.775,2721.16,212.379,0,0
8.78333,2722.93,212.096,0,0
8.79167,2724.69,211.807,0,0
8.8,2726.45,211.512,0,0
8.80833,2728.21,211.214,0,0
8.81667,2729.97,210.918,0,0
8.825,2731.72,210.622,0,0
8.83333,2733.47,210.327,0,0
8.84167,2735.22,210.032,0,0
8.85,2736.97,209.737,0,0
8.85833,2738.71,209.443,0,0
8.86667,2740.45,209.148,0,0
8.875,2742.19,208.854,0,0
8.88333,2743.93,208.559,0,0
8.89167,2745.66,208.268,0,0
8.9,2747.39,207.983,0,0
8.90833,2749.12,207.704,0,0
8.91667,2750.85,207.43,0,0
8.925,2752.58,207.161,0,0
8.93333,2754.3,206.893,0,0
8.94167,2756.02,206.615,0,0
8.95,2757.74,206.332,0,0
8.95833,2759.45,206.043,0,0
8.96667,2761.16,205.748,0,0
8.975,2762.87,205.452,0,0
8.98333,2764.58,205.158,0,0
8.99167,2766.29,204.864,0,0
9,2767.99,204.57,0,0
9.00833,2769.69,204.277,0,0
9.01667,2771.39,203.984,0,0
9.025,2773.09,203.691,0,0
9.03333,2774.78,203.398,0,0
9.04167,2776.47,203.105,0,0
9.05,2778.16,202.812,0,0
9.05833,2779.84,202.523,0,0
9.06667,2781.53,202.241,0,0
9.075,2783.21,201.964,0,0
9.08333,2784.89,201.691,0,0
9.09167,2786.56,201.424,0,0
9.1,2788.24,201.153,0,0
9.10833,2789.91,200.875,0,0
9.11667,2791.58,200.591,0,0
9.125,2793.25,200.303,0,0
9.13333,2794.91,200.009,0,0
9.14167,2796.57,199.716,0,0
9.15,2798.23,199.424,0,0
9.15833,2799.89,199.131,0,0
9.16667,2801.55,198.839,0,0
9.175,2803.2,198.547,0,0
9.18333,2804.85,198.256,0,0
9.19167,2806.5,197.964,0,0
9.2,2808.14,197.672,0,0
9.20833,2809.78,197.381,0,0
9.21667,2811.43,197.089,0,0
9.225,2813.06,196.804,0,0
9.23333,2814.7,196.523,0,0
9.24167,2816.33,196.248,0,0
9.25,2817.96,195.977,0,0
9.25833,2819.59,195.711,0,0
9.26667,2821.22,195.437,0,0
9.275,2822.84,195.159,0,0
9.28333,2824.46,194.875,0,0
9.29167,2826.08,194.587,0,0
9.3,2827.7,194.294,0,0
9.30833,2829.31,194.003,0,0
9.31667,2830.93,193.712,0,0
9.325,2832.54,193.422,0,0
9.33333,2834.14,193.131,0,0
9.34167,2835.75,192.841,0,0
9.35,2837.35,192.55,0,0
9.35833,2838.95,192.26,0,0
9.36667,2840.55,191.969,0,0
9.375,2842.14,191.679,0,0
9.38333,2843.74,191.389,0,0
9.39167,2845.33,191.105,0,0
9.4,2846.91,190.827,0,0
9.40833,2848.5,190.554,0,0
9.41667,2850.08,190.285,0,0
9.425,2851.66,190.017,0,0
9.43333,2853.24,189.743,0,0
9.44167,2854.82,189.463,0,0
9.45,2856.39,189.18,0,0
9.45833,2857.96,188.892,0,0
9.46667,2859.53,188.601,0,0
9.475,2861.1,188.311,0,0
9.48333,2862.66,188.022,0,0
9.49167,2864.23,187.733,0,0
9.5,2865.79,187.444,0,0
9.50833,2867.34,187.155,0,0
9.51667,2868.9,186.866,0,0
9.525,2870.45,186.575,0,0
9.53333,2872,186.285,0,0
9.54167,2873.55,185.994,0,0
9.55,2875.09,185.705,0,0
9.55833,2876.64,185.424,0,0
9.56667,2878.18,185.147,0,0
9.575,2879.71,184.876,0,0
9.58333,2881.25,184.609,0,0
9.59167,2882.78,184.339,0,0
9.6,2884.31,184.064,0,0
9.60833,2885.84,183.784,0,0
9.61667,2887.37,183.5,0,0
9.625,2888.89,183.212,0,0
9.63333,2890.41,182.921,0,0
9.64167,2891.93,182.633,0,0
9.65,2893.45,182.345,0,0
9.65833,2894.96,182.057,0,0
9.66667,2896.48,181.77,0,0
9.675,2897.99,181.482,0,0
9.68333,2899.49,181.192,0,0
9.69167,2901,180.902,0,0
9.7,2902.5,180.611,0,0
9.70833,2904,180.319,0,0
9.71667,2905.5,180.033,0,0
9.725,2906.99,179.755,0,0
9.73333,2908.49,179.482,0,0
9.74167,2909.98,179.214,0,0
9.75,2911.46,178.947,0,0
9.75833,2912.95,178.675,0,0
9.76667,2914.43,178.4,0,0
9.775,2915.92,178.12,0,0
9.78333,2917.39,177.835,0,0
9.79167,2918.87,177.545,0,0
9.8,2920.35,177.255,0,0
9.80833,2921.82,176.966,0,0
9.81667,2923.29,176.679,0,0
9.825,2924.75,176.393,0,0
9.83333,2926.22,176.107,0,0
9.84167,2927.68,175.82,0,0
9.85,2929.14,175.531,0,0
9.85833,2930.6,175.241,0,0
9.86667,2932.05,174.949,0,0
9.875,2933.51,174.657,0,0
9.88333,2934.96,174.381,0,0
9.89167,2936.4,174.11,0,0
9.9,2937.85,173.841,0,0
9.90833,2939.29,173.572,0,0
9.91667,2940.73,173.302,0,0
9.925,2942.17,173.03,0,0
9.93333,2943.61,172.756,0,0
9.94167,2945.04,172.478,0,0
9.95,2946.48,172.194,0,0
9.95833,2947.9,171.903,0,0
9.96667,2949.33,171.612,0,0
9.975,2950.76,171.324,0,0
9.98333,2952.18,171.037,0,0
9.99167,2953.6,170.752,0,0
10,2955.02,170.467,0,0
10.0083,2956.43,170.182,0,0
10.0167,2957.85,169.894,0,0
10.025,2959.26,169.605,0,0
10.0333,2960.66,169.315,0,0
10.0417,2962.07,169.024,0,0
10.05,2963.47,168.749,0,0
10.0583,2964.87,168.475,0,0
10.0667,2966.27,168.203,0,0
10.075,2967.67,167.934,0,0
10.0833,2969.06,167.664,0,0
10.0917,2970.46,167.394,0,0
10.1,2971.85,167.122,0,0
10.1083,2973.23,166.849,0,0
10.1167,2974.62,166.575,0,0
10.125,2976,166.288,0,0
10.1333,2977.38,165.996,0,0
10.1417,2978.76,165.709,0,0
10.15,2980.14,165.423,0,0
10.1583,2981.51,165.14,0,0
10.1667,2982.88,164.856,0,0
10.175,2984.25,164.572,0,0
10.1833,2985.61,164.286,0,0
10.1917,2986.98,164,0,0
10.2,2988.34,163.712,0,0
10.2083,2989.7,163.427,0,0
10.2167,2991.06,163.149,0,0
10.225,2992.41,162.875,0,0
10.2333,2993.76,162.603,0,0
10.2417,2995.11,162.334,0,0
10.25,2996.46,162.066,0,0
10.2583,2997.81,161.798,0,0
10.2667,2999.15,161.524,0,0
10.275,3000.49,161.247,0,0
10.2833,3001.83,160.961,0,0
10.2917,3003.16,160.671,0,0
10.3,3004.5,160.385,0,0
10.3083,3005.83,160.1,0,0
10.3167,3007.16,159.817,0,0
10.325,3008.48,159.534,0,0
10.3333,3009.81,159.252,0,0
10.3417,3011.13,158.969,0,0
10.35,3012.45,158.685,0,0
10.3583,3013.76,158.401,0,0
10.3667,3015.08,158.117,0,0
10.375,3016.39,157.836,0,0
10.3833,3017.7,157.561,0,0
10.3917,3019.01,157.289,0,0
10.4,3020.31,157.019,0,0
10.4083,3021.62,156.751,0,0
10.4167,3022.92,156.483,0,0
10.425,3024.22,156.21,0,0
10.4333,3025.51,155.933,0,0
10.4417,3026.81,155.65,0,0
10.45,3028.1,155.363,0,0
10.4583,3029.39,155.079,0,0
10.4667,3030.67,154.795,0,0
10.475,3031.96,154.512,0,0
10.4833,3033.24,154.231,0,0
10.4917,3034.52,153.949,0,0
10.5,3035.79,153.668,0,0
10.5083,3037.07,153.386,0,0
10.5167,3038.34,153.104,0,0
10.525,3039.61,152.822,0,0
10.5333,3040.88,152.542,0,0
10.5417,3042.14,152.266,0,0
10.55,3043.41,151.994,0,0
10.5583,3044.67,151.724,0,0
10.5667,3045.93,151.456,0,0
10.575,3047.18,151.189,0,0
10.5833,3048.44,150.916,0,0
10.5917,3049.69,150.64,0,0
10.6,3050.94,150.36,0,0
10.6083,3052.19,150.076,0,0
10.6167,3053.43,149.793,0,0
10.625,3054.67,149.511,0,0
10.6333,3055.91,149.229,0,0
10.6417,3057.15,148.949,0,0
10.65,3058.38,148.668,0,0
10.6583,3059.62,148.388,0,0
10.6667,3060.85,148.108,0,0
10.675,3062.08,147.828,0,0
10.6833,3063.3,147.547,0,0
10.6917,3064.52,147.268,0,0
10.7,3065.75,146.992,0,0
10.7083,3066.96,146.72,0,0
10.7167,3068.18,146.45,0,0
10.725,3069.39,146.182,0,0
10.7333,3070.61,145.915,0,0
10.7417,3071.82,145.643,0,0
10.75,3073.02,145.368,0,0
10.7583,3074.23,145.09,0,0
10.7667,3075.43,144.808,0,0
10.775,3076.63,144.527,0,0
10.7833,3077.83,144.246,0,0
10.7917,3079.02,143.966,0,0
10.8,3080.22,143.686,0,0
10.8083,3081.41,143.407,0,0
10.8167,3082.6,143.128,0,0
10.825,3083.78,142.849,0,0
10.8333,3084.97,142.569,0,0
10.8417,3086.15,142.29,0,0
10.85,3087.33,142.012,0,0
10.8583,3088.5,141.737,0,0
10.8667,3089.68,141.464,0,0
10.875,3090.85,141.194,0,0
10.8833,3092.02,140.927,0,0
10.8917,3093.19,140.66,0,0
10.9,3094.35,140.389,0,0
10.9083,3095.52,140.115,0,0
10.9167,3096.68,139.838,0,0
10.925,3097.84,139.558,0,0
10.9333,3098.99,139.278,0,0
10.9417,3100.15,138.998,0,0
10.95,3101.3,138.719,0,0
10.9583,3102.45,138.441,0,0
10.9667,3103.59,138.162,0,0
10.975,3104.74,137.884,0,0
10.9833,3105.88,137.606,0,0
10.9917,3107.02,137.328,0,0
11,3108.16,137.05,0,0
11.0083,3109.29,136.772,0,0
11.0167,3110.42,136.498,0,0
11.025,3111.55,136.226,0,0
11.0333,3112.68,135.957,0,0
11.0417,3113.81,135.689,0,0
11.05,3114.93,135.423,0,0
11.0583,3116.05,135.153,0,0
11.0667,3117.17,134.879,0,0
11.075,3118.29,134.603,0,0
11.0833,3119.4,134.324,0,0
11.0917,3120.51,134.045,0,0
11.1,3121.62,133.767,0,0
11.1083,3122.73,133.489,0,0
11.1167,3123.84,133.211,0,0
11.125,3124.94,132.934,0,0
11.1333,3126.04,132.657,0,0
11.1417,3127.14,132.38,0,0
11.15,3128.23,132.103,0,0
11.1583,3129.32,131.826,0,0
11.1667,3130.42,131.549,0,0
11.175,3131.5,131.276,0,0
11.1833,3132.59,131.004,0,0
11.1917,3133.67,130.735,0,0
11.2,3134.76,130.468,0,0
11.2083,3135.84,130.202,0,0
11.2167,3136.91,129.932,0,0
11.225,3137.99,129.66,0,0
11.2333,3139.06,129.384,0,0
11.2417,3140.13,129.106,0,0
11.25,3141.2,128.828,0,0
11.2583,3142.26,128.551,0,0
11.2667,3143.33,128.274,0,0
11.275,3144.39,127.998,0,0
11.2833,3145.45,127.722,0,0
11.2917,3146.5,127.446,0,0
11.3,3147.56,127.17,0,0
11.3083,3148.61,126.893,0,0
11.3167,3149.66,126.617,0,0
11.325,3150.71,126.341,0,0
11.3333,3151.75,126.069,0,0
11.3417,3152.79,125.798,0,0
11.35,3153.83,125.53,0,0
11.3583,3154.87,125.263,0,0
11.3667,3155.91,124.997,0,0
11.375,3156.94,124.728,0,0
11.3833,3157.97,124.456,0,0
11.3917,3159,124.181,0,0
11.4,3160.03,123.904,0,0
11.4083,3161.05,123.627,0,0
11.4167,3162.07,123.35,0,0
11.425,3163.09,123.074,0,0
11.4333,3164.11,122.799,0,0
11.4417,3165.12,122.524,0,0
11.45,3166.13,122.249,0,0
11.4583,3167.14,121.974,0,0
11.4667,3168.15,121.698,0,0
11.475,3169.16,121.423,0,0
11.4833,3170.16,121.148,0,0
11.4917,3171.16,120.876,0,0
11.5,3172.16,120.607,0,0
11.5083,3173.16,120.339,0,0
11.5167,3174.15,120.072,0,0
11.525,3175.14,119.807,0,0
11.5333,3176.13,119.538,0,0
11.5417,3177.12,119.267,0,0
11.55,3178.1,118.993,0,0
11.5583,3179.09,118.716,0,0
11.5667,3180.07,118.439,0,0
11.575,3181.04,118.164,0,0
11.5833,3182.02,117.889,0,0
11.5917,3182.99,117.615,0,0
11.6,3183.96,117.341,0,0
11.6083,3184.93,117.067,0,0
11.6167,3185.9,116.793,0,0
11.625,3186.86,116.518,0,0
11.6333,3187.82,116.243,0,0
11.6417,3188.78,115.969,0,0
11.65,3189.74,115.699,0,0
11.6583,3190.7,115.43,0,0
11.6667,3191.65,115.163,0,0
11.675,3192.6,114.897,0,0
11.6833,3193.55,114.631,0,0
11.6917,3194.49,114.363,0,0
11.7,3195.44,114.093,0,0
11.7083,3196.38,113.819,0,0
11.7167,3197.32,113.542,0,0
11.725,3198.25,113.267,0,0
11.7333,3199.19,112.993,0,0
11.7417,3200.12,112.719,0,0
11.75,3201.05,112.446,0,0
11.7583,3201.97,112.173,0,0
11.7667,3202.9,111.9,0,0
11.775,3203.82,111.626,0,0
11.7833,3204.74,111.352,0,0
11.7917,3205.66,111.077,0,0
11.8,3206.58,110.806,0,0
11.8083,3207.49,110.536,0,0
11.8167,3208.4,110.269,0,0
11.825,3209.31,110.003,0,0
11.8333,3210.22,109.737,0,0
11.8417,3211.12,109.471,0,0
11.85,3212.02,109.204,0,0
11.8583,3212.92,108.935,0,0
11.8667,3213.82,108.663,0,0
11.875,3214.72,108.386,0,0
11.8833,3215.61,108.112,0,0
11.8917,3216.5,107.839,0,0
11.9,3217.39,107.567,0,0
11.9083,3218.27,107.295,0,0
11.9167,3219.16,107.023,0,0
11.925,3220.04,106.75,0,0
11.9333,3220.92,106.477,0,0
11.9417,3221.79,106.203,0,0
11.95,3222.67,105.929,0,0
11.9583,3223.54,105.66,0,0
11.9667,3224.41,105.393,0,0
11.975,3225.28,105.126,0,0
11.9833,3226.15,104.861,0,0
11.9917,3227.01,104.595,0,0
12,3227.87,104.329,0,0
12.0083,3228.73,104.062,0,0
12.0167,3229.59,103.794,0,0
12.025,3230.44,103.522,0,0
12.0333,3231.29,103.247,0,0
12.0417,3232.14,102.975,0,0
12.05,3232.99,102.703,0,0
12.0583,3233.83,102.432,0,0
12.0667,3234.68,102.161,0,0
12.075,3235.52,101.889,0,0
12.0833,3236.36,101.617,0,0
12.0917,3237.19,101.344,0,0
12.1,3238.03,101.07,0,0
12.1083,3238.86,100.802,0,0
12.1167,3239.69,100.535,0,0
12.125,3240.51,100.269,0,0
12.1333,3241.34,100.003,0,0
12.1417,3242.16,99.738,0,0
12.15,3242.98,99.4719,0,0
12.1583,3243.8,99.2048,0,0
12.1667,3244.62,98.9364,0,0
12.175,3245.43,98.6653,0,0
12.1833,3246.24,98.3918,0,0
12.1917,3247.05,98.12,0,0
12.2,3247.86,97.8489,0,0
12.2083,3248.66,97.5783,0,0
12.2167,3249.46,97.308,0,0
12.225,3250.26,97.0374,0,0
12.2333,3251.06,96.7661,0,0
12.2417,3251.86,96.4943,0,0
12.25,3252.65,96.2221,0,0
12.2583,3253.44,95.9529,0,0
12.2667,3254.23,95.688,0,0
12.275,3255.02,95.4227,0,0
12.2833,3255.8,95.1575,0,0
12.2917,3256.58,94.8924,0,0
12.3,3257.36,94.6268,0,0
12.3083,3258.14,94.3603,0,0
12.3167,3258.92,94.0924,0,0
12.325,3259.69,93.8228,0,0
12.3333,3260.46,93.5511,0,0
12.3417,3261.23,93.2803,0,0
12.35,3262,93.01,0,0
12.3583,3262.76,92.7403,0,0
12.3667,3263.52,92.4707,0,0
12.375,3264.28,92.2011,0,0
12.3833,3265.04,91.931,0,0
12.3917,3265.79,91.6604,0,0
12.4,3266.55,91.3896,0,0
12.4083,3267.3,91.1186,0,0
12.4167,3268.04,90.8511,0,0
12.425,3268.79,90.5853,0,0
12.4333,3269.53,90.3205,0,0
12.4417,3270.27,90.0564,0,0
12.45,3271.01,89.7914,0,0
12.4583,3271.75,89.5256,0,0
12.4667,3272.48,89.2588,0,0
12.475,3273.22,88.9906,0,0
12.4833,3273.95,88.7211,0,0
12.4917,3274.67,88.4513,0,0
12.5,3275.4,88.1821,0,0
12.5083,3276.12,87.9133,0,0
12.5167,3276.84,87.6447,0,0
12.525,3277.56,87.376,0,0
12.5333,3278.28,87.107,0,0
12.5417,3278.99,86.8378,0,0
12.55,3279.71,86.5683,0,0
12.5583,3280.42,86.2988,0,0
12.5667,3281.12,86.0302,0,0
12.575,3281.83,85.7639,0,0
12.5833,3282.53,85.4989,0,0
12.5917,3283.23,85.2348,0,0
12.6,3283.93,84.971,0,0
12.6083,3284.62,84.706,0,0
12.6167,3285.32,84.4402,0,0
12.625,3286.01,84.1735,0,0
12.6333,3286.7,83.9057,0,0
12.6417,3287.39,83.6372,0,0
12.65,3288.07,83.3692,0,0
12.6583,3288.75,83.1014,0,0
12.6667,3289.43,82.8337,0,0
12.675,3290.11,82.566,0,0
12.6833,3290.79,82.2982,0,0
12.6917,3291.46,82.0303,0,0
12.7,3292.13,81.7622,0,0
12.7083,3292.8,81.4941,0,0
12.7167,3293.47,81.2261,0,0
12.725,3294.13,80.9598,0,0
12.7333,3294.79,80.6947,0,0
12.7417,3295.45,80.4307,0,0
12.75,3296.11,80.1676,0,0
12.7583,3296.77,79.9037,0,0
12.7667,3297.42,79.6389,0,0
12.775,3298.07,79.3734,0,0
12.7833,3298.72,79.1071,0,0
12.7917,3299.37,78.84,0,0
12.8,3300.01,78.5731,0,0
12.8083,3300.65,78.3064,0,0
12.8167,3301.29,78.0398,0,0
12.825,3301.93,77.7731,0,0
12.8333,3302.56,77.5065,0,0
12.8417,3303.2,77.2398,0,0
12.85,3303.83,76.9731,0,0
12.8583,3304.45,76.7064,0,0
12.8667,3305.08,76.4398,0,0
12.875,3305.7,76.174,0,0
12.8833,3306.33,75.9094,0,0
12.8917,3306.94,75.6456,0,0
12.9,3307.56,75.3828,0,0
12.9083,3308.18,75.1203,0,0
12.9167,3308.79,74.8566,0,0
12.925,3309.4,74.5923,0,0
12.9333,3310.01,74.3273,0,0
12.9417,3310.61,74.0616,0,0
12.95,3311.22,73.7958,0,0
12.9583,3311.82,73.5302,0,0
12.9667,3312.42,73.2647,0,0
12.975,3313.01,72.9992,0,0
12.9833,3313.61,72.7338,0,0
12.9917,3314.2,72.4684,0,0
13,3314.79,72.2031,0,0
13.0083,3315.38,71.9378,0,0
13.0167,3315.96,71.6726,0,0
13.025,3316.54,71.4078,0,0
13.0333,3317.12,71.144,0,0
13.0417,3317.7,70.8809,0,0
13.05,3318.28,70.6186,0,0
13.0583,3318.85,70.3569,0,0
13.0667,3319.42,70.0947,0,0
13.075,3319.99,69.8316,0,0
13.0833,3320.56,69.5679,0,0
13.0917,3321.13,69.3036,0,0
13.1,3321.69,69.0389,0,0
13.1083,3322.25,68.7745,0,0
13.1167,3322.81,68.5103,0,0
13.125,3323.36,68.2461,0,0
13.1333,3323.92,67.982,0,0
13.1417,3324.47,67.718,0,0
13.15,3325.02,67.4541,0,0
13.1583,3325.56,67.1903,0,0
13.1667,3326.11,66.9266,0,0
13.175,3326.65,66.663,0,0
13.1833,3327.19,66.4002,0,0
13.1917,3327.73,66.1381,0,0
13.2,3328.26,65.8766,0,0
13.2083,3328.8,65.6157,0,0
13.2167,3329.33,65.3551,0,0
13.225,3329.86,65.0934,0,0
13.2333,3330.38,64.8312,0,0
13.2417,3330.91,64.5684,0,0
13.25,3331.43,64.3051,0,0
13.2583,3331.95,64.0421,0,0
13.2667,3332.47,63.7792,0,0
13.275,3332.98,63.5165,0,0
13.2833,3333.49,63.2539,0,0
13.2917,3334,62.9915,0,0
13.3,3334.51,62.7292,0,0
13.3083,3335.02,62.467,0,0
13.3167,3335.52,62.2049,0,0
13.325,3336.02,61.9429,0,0
13.3333,3336.52,61.6814,0,0
13.3417,3337.02,61.4206,0,0
13.35,3337.51,61.1603,0,0
13.3583,3338.01,60.9006,0,0
13.3667,3338.5,60.6413,0,0
13.375,3338.99,60.3814,0,0
13.3833,3339.47,60.1209,0,0
13.3917,3339.95,59.86,0,0
13.4,3340.44,59.5985,0,0
13.4083,3340.92,59.337,0,0
13.4167,3341.39,59.0758,0,0
13.425,3341.87,58.8148,0,0
13.4333,3342.34,58.5541,0,0
13.4417,3342.81,58.2935,0,0
13.45,3343.28,58.033,0,0
13.4583,3343.74,57.7726,0,0
13.4667,3344.2,57.5124,0,0
13.475,3344.67,57.2522,0,0
13.4833,3345.12,56.9924,0,0
13.4917,3345.58,56.7332,0,0
13.5,3346.03,56.4746,0,0
13.5083,3346.49,56.2163,0,0
13.5167,3346.94,55.9585,0,0
13.525,3347.38,55.7008,0,0
13.5333,3347.83,55.4424,0,0
13.5417,3348.27,55.1836,0,0
13.55,3348.71,54.9243,0,0
13.5583,3349.15,54.6648,0,0
13.5667,3349.59,54.4057,0,0
13.575,3350.02,54.1468,0,0
13.5833,3350.45,53.8882,0,0
13.5917,3350.88,53.6297,0,0
13.6,3351.31,53.3715,0,0
13.6083,3351.73,53.1133,0,0
13.6167,3352.16,52.8553,0,0
13.625,3352.58,52.5973,0,0
13.6333,3352.99,52.3396,0,0
13.6417,3353.41,52.0826,0,0
13.65,3353.82,51.826,0,0
13.6583,3354.23,51.5699,0,0
13.6667,3354.64,51.3141,0,0
13.675,3355.05,51.0586,0,0
13.6833,3355.46,50.8027,0,0
13.6917,3355.86,50.5466,0,0
13.7,3356.26,50.29,0,0
13.7083,3356.66,50.0329,0,0
13.7167,3357.05,49.7764,0,0
13.725,3357.44,49.5202,0,0
13.7333,3357.83,49.2642,0,0
13.7417,3358.22,49.0084,0,0
13.75,3358.61,48.7529,0,0
13.7583,3358.99,48.4975,0,0
13.7667,3359.38,48.2422,0,0
13.775,3359.76,47.9871,0,0
13.7833,3360.13,47.7321,0,0
13.7917,3360.51,47.4777,0,0
13.8,3360.88,47.2239,0,0
13.8083,3361.25,46.9705,0,0
13.8167,3361.62,46.7174,0,0
13.825,3361.99,46.4646,0,0
13.8333,3362.35,46.2119,0,0
13.8417,3362.71,45.959,0,0
13.85,3363.07,45.7058,0,0
13.8583,3363.43,45.452,0,0
13.8667,3363.78,45.1988,0,0
13.875,3364.14,44.9459,0,0
13.8833,3364.49,44.6932,0,0
13.8917,3364.84,44.4409,0,0
13.9,3365.18,44.1888,0,0
13.9083,3365.53,43.9369,0,0
13.9167,3365.87,43.6852,0,0
13.925,3366.21,43.4337,0,0
13.9333,3366.54,43.1823,0,0
13.9417,3366.88,42.9316,0,0
13.95,3367.21,42.6813,0,0
13.9583,3367.54,42.4316,0,0
13.9667,3367.87,42.1821,0,0
13.975,3368.19,41.933,0,0
13.9833,3368.52,41.6842,0,0
13.9917,3368.84,41.4354,0,0
14,3369.16,41.1866,0,0
14.0083,3369.47,40.9372,0,0
14.0167,3369.79,40.6882,0,0
14.025,3370.1,40.4397,0,0
14.0333,3370.41,40.1915,0,0
14.0417,3370.72,39.9437,0,0
14.05,3371.02,39.6961,0,0
14.0583,3371.33,39.4489,0,0
14.0667,3371.63,39.2019,0,0
14.075,3371.93,38.9551,0,0
14.0833,3372.22,38.7086,0,0
14.0917,3372.52,38.4627,0,0
14.1,3372.81,38.2174,0,0
14.1083,3373.1,37.9726,0,0
14.1167,3373.39,37.7282,0,0
14.125,3373.67,37.4841,0,0
14.1333,3373.96,37.2404,0,0
14.1417,3374.24,36.9971,0,0
14.15,3374.52,36.754,0,0
14.1583,3374.79,36.5109,0,0
14.1667,3375.07,36.2675,0,0
14.175,3375.34,36.0249,0,0
14.1833,3375.61,35.7827,0,0
14.1917,3375.87,35.541,0,0
14.2,3376.14,35.2997,0,0
14.2083,3376.4,35.0587,0,0
14.2167,3376.66,34.8182,0,0
14.225,3376.92,34.578,0,0
14.2333,3377.18,34.3382,0,0
14.2417,3377.43,34.0991,0,0
14.25,3377.68,33.8606,0,0
14.2583,3377.93,33.6227,0,0
14.2667,3378.18,33.3854,0,0
14.275,3378.43,33.1486,0,0
14.2833,3378.67,32.9122,0,0
14.2917,3378.91,32.6763,0,0
14.3,3379.15,32.4409,0,0
14.3083,3379.38,32.2057,0,0
14.3167,3379.62,31.9706,0,0
14.325,3379.85,31.7363,0,0
14.3333,3380.08,31.5025,0,0
14.3417,3380.3,31.2694,0,0
14.35,3380.53,31.0368,0,0
14.3583,3380.75,30.8048,0,0
14.3667,3380.97,30.5734,0,0
14.375,3381.19,30.3425,0,0
14.3833,3381.41,30.1123,0,0
14.3917,3381.62,29.8829,0,0
14.4,3381.83,29.6543,0,0
14.4083,3382.04,29.4265,0,0
14.4167,3382.25,29.1994,0,0
14.425,3382.45,28.9731,0,0
14.4333,3382.65,28.7474,0,0
14.4417,3382.85,28.5225,0,0
14.45,3383.05,28.2982,0,0
14.4583,3383.25,28.0744,0,0
14.4667,3383.44,27.8513,0,0
14.475,3383.63,27.6291,0,0
14.4833,3383.82,27.4077,0,0
14.4917,3384.01,27.1872,0,0
14.5,3384.19,26.9676,0,0
14.5083,3384.38,26.7489,0,0
14.5167,3384.56,26.531,0,0
14.525,3384.73,26.314,0,0
14.5333,3384.91,26.098,0,0
14.5417,3385.08,25.8831,0,0
14.55,3385.26,25.6694,0,0
14.5583,3385.42,25.4567,0,0
14.5667,3385.59,25.2452,0,0
14.575,3385.76,25.0348,0,0
14.5833,3385.92,24.8254,0,0
14.5917,3386.08,24.6172,0,0
14.6,3386.24,24.41,0,0
14.6083,3386.39,24.2038,0,0
14.6167,3386.54,23.9988,0,0
14.625,3386.7,23.7952,0,0
14.6333,3386.84,23.5928,0,0
14.6417,3386.99,23.3918,0,0
14.65,3387.14,23.1921,0,0
14.6583,3387.28,22.9938,0,0
14.6667,3387.42,22.7968,0,0
14.675,3387.56,22.6014,0,0
14.6833,3387.69,22.4074,0,0
14.6917,3387.82,22.2151,0,0
14.7,3387.96,22.0245,0,0
14.7083,3388.08,21.8356,0,0
14.7167,3388.21,21.6484,0,0
14.725,3388.34,21.4629,0,0
14.7333,3388.46,21.2791,0,0
14.7417,3388.58,21.0971,0,0
14.75,3388.69,20.9169,0,0
14.7583,3388.81,20.7384,0,0
14.7667,3388.92,20.562,0,0
14.775,3389.03,20.3875,0,0
14.7833,3389.14,20.215,0,0
14.7917,3389.25,20.0447,0,0
14.8,3389.35,19.8765,0,0
14.8083,3389.46,19.7104,0,0
14.8167,3389.56,19.5467,0,0
14.825,3389.65,19.3852,0,0
14.8333,3389.75,19.2262,0,0
14.8417,3389.84,19.0696,0,0
14.85,3389.93,18.9157,0,0
14.8583,3390.02,18.7643,0,0
14.8667,3390.11,18.6156,0,0
14.875,3390.19,18.4696,0,0
14.8833,3390.27,18.3264,0,0
14.8917,3390.35,18.1859,0,0
14.9,3390.43,18.0483,0,0
14.9083,3390.51,17.9135,0,0
14.9167,3390.58,17.7818,0,0
14.925,3390.65,17.6532,0,0
14.9333,3390.72,17.5276,0,0
14.9417,3390.79,17.4053,0,0
14.95,3390.85,17.2862,0,0
14.9583,3390.91,17.1705,0,0
14.9667,3390.97,17.0582,0,0
14.975,3391.03,16.9494,0,0
14.9833,3391.08,16.8442,0,0
14.9917,3391.14,16.7427,0,0
15,3391.19,16.6449,0,0
15.0083,3391.24,16.5509,0,0
15.0167,3391.28,16.4608,0,0
15.025,3391.33,16.3745,0,0
15.0333,3391.37,16.2922,0,0
15.0417,3391.41,16.2139,0,0
15.05,3391.45,16.1396,0,0
15.0583,3391.48,16.0694,0,0
15.0667,3391.51,16.0034,0,0
15.075,3391.54,15.9416,0,0
15.0833,3391.57,15.884,0,0
15.0917,3391.6,15.8307,0,0
15.1,3391.62,15.7818,0,0
15.1083,3391.64,15.7372,0,0
15.1167,3391.66,15.6971,0,0
15.125,3391.68,15.6616,0,0
15.1333,3391.7,15.6306,0,0
15.1417,3391.71,15.6041,0,0
15.15,3391.72,15.5823,0,0
15.1583,3391.73,15.5651,0,0
15.1667,3391.73,15.5525,0,0
15.175,3391.74,15.5445,0,0
15.1833,3391.74,15.541,0,0
15.1917,3391.74,15.5422,0,0
15.2,3391.74,15.548,0,0
15.2083,3391.73,15.5584,0,0
15.2167,3391.72,15.5734,0,0
15.225,3391.71,15.5929,0,0
15.2333,3391.7,15.6169,0,0
15.2417,3391.69,15.6455,0,0
15.25,3391.67,15.6786,0,0
15.2583,3391.65,15.7161,0,0
15.2667,3391.63,15.7582,0,0
15.275,3391.61,15.8048,0,0
15.2833,3391.58,15.8558,0,0
15.2917,3391.56,15.9112,0,0
15.3,3391.53,15.9709,0,0
15.3083,3391.5,16.0348,0,0
15.3167,3391.46,16.103,0,0
15.325,3391.42,16.1753,0,0
15.3333,3391.39,16.2517,0,0
15.3417,3391.35,16.3321,0,0
15.35,3391.3,16.4165,0,0
15.3583,3391.26,16.5047,0,0
15.3667,3391.21,16.5969,0,0
15.375,3391.16,16.6927,0,0
15.3833,3391.11,16.7923,0,0
15.3917,3391.05,16.8954,0,0
15.4,3391,17.0022,0,0
15.4083,3390.94,17.1126,0,0
15.4167,3390.88,17.2265,0,0
15.425,3390.81,17.3438,0,0
15.4333,3390.75,17.4644,0,0
15.4417,3390.68,17.5884,0,0
15.45,3390.61,17.7155,0,0
15.4583,3390.54,17.8457,0,0
15.4667,3390.47,17.979,0,0
15.475,3390.39,18.1151,0,0
15.4833,3390.31,18.2543,0,0
15.4917,3390.23,18.3962,0,0
15.5,3390.15,18.541,0,0
15.5083,3390.06,18.6884,0,0
15.5167,3389.97,18.8385,0,0
15.525,3389.88,18.9911,0,0
15.5333,3389.79,19.1462,0,0
15.5417,3389.7,19.3038,0,0
15.55,3389.6,19.4639,0,0
15.5583,3389.5,19.6264,0,0
15.5667,3389.4,19.7912,0,0
15.575,3389.3,19.9583,0,0
15.5833,3389.19,20.1276,0,0
15.5917,3389.08,20.299,0,0
15.6,3388.97,20.4724,0,0
15.6083,3388.86,20.6479,0,0
15.6167,3388.74,20.8252,0,0
15.625,3388.63,21.0045,0,0
15.6333,3388.51,21.1856,0,0
15.6417,3388.39,21.3686,0,0
15.65,3388.26,21.5533,0,0
15.6583,3388.14,21.7397,0,0
15.6667,3388.01,21.9278,0,0
15.675,3387.88,22.1175,0,0
15.6833,3387.75,22.3087,0,0
15.6917,3387.61,22.5015,0,0
15.7,3387.48,22.6961,0,0
15.7083,3387.34,22.8922,0,0
15.7167,3387.2,23.0898,0,0
15.725,3387.05,23.2888,0,0
15.7333,3386.91,23.4891,0,0
15.7417,3386.76,23.6908,0,0
15.75,3386.61,23.8937,0,0
15.7583,3386.45,24.0978,0,0
15.7667,3386.3,24.303,0,0
15.775,3386.14,24.5095,0,0
15.7833,3385.98,24.7172,0,0
15.7917,3385.82,24.926,0,0
15.8,3385.66,25.1359,0,0
15.8083,3385.49,25.3469,0,0
15.8167,3385.32,25.5589,0,0
15.825,3385.15,25.7719,0,0
15.8333,3384.98,25.9858,0,0
15.8417,3384.81,26.2007,0,0
15.85,3384.63,26.4172,0,0
15.8583,3384.45,26.6345,0,0
15.8667,3384.27,26.8526,0,0
15.875,3384.08,27.0718,0,0
15.8833,3383.9,27.2917,0,0
15.8917,3383.71,27.5124,0,0
15.9,3383.52,27.7339,0,0
15.9083,3383.33,27.9561,0,0
15.9167,3383.13,28.1788,0,0
15.925,3382.93,28.4025,0,0
15.9333,3382.73,28.6269,0,0
15.9417,3382.53,28.8521,0,0
15.95,3382.33,29.078,0,0
15.9583,3382.12,29.3045,0,0
15.9667,3381.91,29.5317,0,0
15.975,3381.7,29.7595,0,0
15.9833,3381.49,29.9879,0,0
15.9917,3381.27,30.2169,0,0
16,3381.06,30.4472,0,0
16.0083,3380.84,30.678,0,0
16.0167,3380.62,30.9095,0,0
16.025,3380.39,31.1416,0,0
16.0333,3380.16,31.3742,0,0
16.0417,3379.94,31.6072,0,0
16.05,3379.71,31.8406,0,0
16.0583,3379.47,32.0744,0,0
16.0667,3379.24,32.3085,0,0
16.075,3379,32.5433,0,0
16.0833,3378.76,32.7786,0,0
16.0917,3378.52,33.0144,0,0
16.1,3378.27,33.2507,0,0
16.1083,3378.03,33.4874,0,0
16.1167,3377.78,33.7244,0,0
16.125,3377.53,33.9619,0,0
16.1333,3377.27,34.1997,0,0
16.1417,3377.02,34.438,0,0
16.15,3376.76,34.6774,0,0
16.1583,3376.5,34.9172,0,0
16.1667,3376.24,35.1576,0,0
16.175,3375.97,35.3983,0,0
16.1833,3375.71,35.6393,0,0
16.1917,3375.44,35.8805,0,0
16.2,3375.17,36.1219,0,0
16.2083,3374.9,36.3634,0,0
16.2167,3374.62,36.6051,0,0
16.225,3374.34,36.8472,0,0
16.2333,3374.06,37.0898,0,0
16.2417,3373.78,37.3327,0,0
16.25,3373.5,37.5759,0,0
16.2583,3373.21,37.8195,0,0
16.2667,3372.92,38.0632,0,0
16.275,3372.63,38.3071,0,0
16.2833,3372.34,38.5513,0,0
16.2917,3372.04,38.7959,0,0
16.3,3371.74,39.0415,0,0
16.3083,3371.44,39.2874,0,0
16.3167,3371.14,39.5339,0,0
16.325,3370.84,39.7806,0,0
16.3333,3370.53,40.0274,0,0
16.3417,3370.22,40.2743,0,0
16.35,3369.91,40.5212,0,0
16.3583,3369.59,40.768,0,0
16.3667,3369.28,41.0148,0,0
16.375,3368.96,41.262,0,0
16.3833,3368.64,41.5095,0,0
16.3917,3368.32,41.7574,0,0
16.4,3367.99,42.0055,0,0
16.4083,3367.67,42.2537,0,0
16.4167,3367.34,42.502,0,0
16.425,3367.01,42.7505,0,0
16.4333,3366.67,42.999,0,0
16.4417,3366.34,43.248,0,0
16.45,3366,43.4979,0,0
16.4583,3365.66,43.7483,0,0
16.4667,3365.32,43.999,0,0
16.475,3364.97,44.25,0,0
16.4833,3364.63,44.501,0,0
16.4917,3364.28,44.7519,0,0
16.5,3363.92,45.0026,0,0
16.5083,3363.57,45.2531,0,0
16.5167,3363.22,45.5035,0,0
16.525,3362.86,45.7543,0,0
16.5333,3362.5,46.0054,0,0
16.5417,3362.13,46.2567,0,0
16.55,3361.77,46.5082,0,0
16.5583,3361.4,46.7597,0,0
16.5667,3361.03,47.0113,0,0
16.575,3360.66,47.2629,0,0
16.5833,3360.29,47.5146,0,0
16.5917,3359.91,47.7668,0,0
16.6,3359.53,48.0198,0,0
16.6083,3359.15,48.2732,0,0
16.6167,3358.77,48.5272,0,0
16.625,3358.39,48.7814,0,0
16.6333,3358,49.0353,0,0
16.6417,3357.61,49.2891,0,0
16.65,3357.22,49.5426,0,0
16.6583,3356.82,49.7957,0,0
16.6667,3356.43,50.0487,0,0
16.675,3356.03,50.3021,0,0
16.6833,3355.63,50.5556,0,0
16.6917,3355.23,50.8095,0,0
16.7,3354.82,51.0634,0,0
16.7083,3354.42,51.3174,0,0
16.7167,3354.01,51.5713,0,0
16.725,3353.59,51.8252,0,0
16.7333,3353.18,52.0791,0,0
16.7417,3352.76,52.3335,0,0
16.75,3352.35,52.5888,0,0
16.7583,3351.93,52.8446,0,0
16.7667,3351.5,53.1009,0,0
16.775,3351.08,53.3575,0,0
16.7833,3350.65,53.6137,0,0
16.7917,3350.22,53.8696,0,0
16.8,3349.79,54.1251,0,0
16.8083,3349.36,54.3801,0,0
16.8167,3348.92,54.635,0,0
16.825,3348.48,54.8902,0,0
16.8333,3348.04,55.1456,0,0
16.8417,3347.6,55.4012,0,0
16.85,3347.15,55.6569,0,0
16.8583,3346.71,55.9126,0,0
16.8667,3346.26,56.1682,0,0
16.875,3345.81,56.4237,0,0
16.8833,3345.35,56.6793,0,0
16.8917,3344.9,56.9353,0,0
16.9,3344.44,57.1924,0,0
16.9083,3343.98,57.45,0,0
16.9167,3343.51,57.7081,0,0
16.925,3343.05,57.9666,0,0
16.9333,3342.58,58.2245,0,0
16.9417,3342.11,58.482,0,0
16.95,3341.64,58.7389,0,0
16.9583,3341.17,58.9953,0,0
16.9667,3340.69,59.2515,0,0
16.975,3340.21,59.508,0,0
16.9833,3339.73,59.7647,0,0
16.9917,3339.25,60.0217,0,0
17,3338.76,60.2787,0,0
17.0083,3338.28,60.5356,0,0
17.0167,3337.79,60.7924,0,0
17.025,3337.3,61.0491,0,0
17.0333,3336.8,61.3058,0,0
17.0417,3336.31,61.5631,0,0
17.05,3335.81,61.8214,0,0
17.0583,3335.31,62.0804,0,0
17.0667,3334.8,62.34,0,0
17.075,3334.3,62.5999,0,0
17.0833,3333.79,62.8591,0,0
17.0917,3333.28,63.1178,0,0
17.1,3332.77,63.3758,0,0
17.1083,3332.26,63.6331,0,0
17.1167,3331.74,63.8902,0,0
17.125,3331.22,64.1477,0,0
17.1333,3330.7,64.4054,0,0
17.1417,3330.18,64.6633,0,0
17.15,3329.65,64.9212,0,0
17.1583,3329.13,65.1791,0,0
17.1667,3328.6,65.4367,0,0
17.175,3328.07,65.6943,0,0
17.1833,3327.53,65.9518,0,0
17.1917,3327,66.21,0,0
17.2,3326.46,66.4693,0,0
17.2083,3325.92,66.7294,0,0
17.2167,3325.37,66.9901,0,0
17.225,3324.83,67.2512,0,0
17.2333,3324.28,67.5114,0,0
17.2417,3323.73,67.7709,0,0
17.25,3323.18,68.0297,0,0
17.2583,3322.63,68.2876,0,0
17.2667,3322.07,68.5454,0,0
17.275,3321.51,68.8036,0,0
17.2833,3320.95,69.0619,0,0
17.2917,3320.39,69.3205,0,0
17.3,3319.82,69.579,0,0
17.3083,3319.26,69.8375,0,0
17.3167,3318.69,70.0957,0,0
17.325,3318.12,70.3539,0,0
17.3333,3317.54,70.6119,0,0
17.3417,3316.97,70.8709,0,0
17.35,3316.39,71.131,0,0
17.3583,3315.81,71.3919,0,0
17.3667,3315.22,71.6536,0,0
17.375,3314.64,71.9155,0,0
17.3833,3314.05,72.1765,0,0
17.3917,3313.46,72.4367,0,0
17.4,3312.87,72.6959,0,0
17.4083,3312.28,72.9542,0,0
17.4167,3311.68,73.2124,0,0
17.425,3311.08,73.471,0,0
17.4333,3310.48,73.7298,0,0
17.4417,3309.88,73.9888,0,0
17.45,3309.28,74.2478,0,0
17.4583,3308.67,74.5067,0,0
17.4667,3308.06,74.7653,0,0
17.475,3307.45,75.0238,0,0
17.4833,3306.83,75.2822,0,0
17.4917,3306.22,75.5417,0,0
17.5,3305.6,75.8024,0,0
17.5083,3304.98,76.0641,0,0
17.5167,3304.36,76.3265,0,0
17.525,3303.73,76.5892,0,0
17.5333,3303.11,76.8507,0,0
17.5417,3302.48,77.1113,0,0
17.55,3301.84,77.3708,0,0
17.5583,3301.21,77.6293,0,0
17.5667,3300.57,77.8878,0,0
17.575,3299.94,78.1466,0,0
17.5833,3299.3,78.4057,0,0
17.5917,3298.65,78.665,0,0
17.6,3298.01,78.9242,0,0
17.6083,3297.36,79.1833,0,0
17.6167,3296.71,79.4421,0,0
17.625,3296.06,79.7008,0,0
17.6333,3295.41,79.9594,0,0
17.6417,3294.75,80.2193,0,0
17.65,3294.09,80.4805,0,0
17.6583,3293.43,80.7428,0,0
17.6667,3292.77,81.0059,0,0
17.675,3292.11,81.2691,0,0
17.6833,3291.44,81.531,0,0
17.6917,3290.77,81.7918,0,0
17.7,3290.1,82.0515,0,0
17.7083,3289.43,82.3099,0,0
17.7167,3288.75,82.5685,0,0
17.725,3288.07,82.8275,0,0
17.7333,3287.39,83.0867,0,0
17.7417,3286.71,83.3461,0,0
17.75,3286.02,83.6055,0,0
17.7583,3285.34,83.8646,0,0
17.7667,3284.65,84.1235,0,0
17.775,3283.96,84.3822,0,0
17.7833,3283.26,84.6408,0,0
17.7917,3282.57,84.9011,0,0
17.8,3281.87,85.1628,0,0
17.8083,3281.17,85.4256,0,0
17.8167,3280.47,85.6892,0,0
17.825,3279.76,85.9528,0,0
17.8333,3279.06,86.215,0,0
17.8417,3278.35,86.4759,0,0
17.85,3277.64,86.7354,0,0
17.8583,3276.92,86.9936,0,0
17.8667,3276.21,87.2523,0,0
17.875,3275.49,87.5113,0,0
17.8833,3274.77,87.7705,0,0
17.8917,3274.05,88.0299,0,0
17.9,3273.32,88.2892,0,0
17.9083,3272.6,88.5484,0,0
17.9167,3271.87,88.8071,0,0
17.925,3271.14,89.0657,0,0
17.9333,3270.41,89.3243,0,0
17.9417,3269.67,89.5849,0,0
17.95,3268.93,89.847,0,0
17.9583,3268.19,90.1103,0,0
17.9667,3267.45,90.3745,0,0
17.975,3266.71,90.6383,0,0
17.9833,3265.96,90.9005,0,0
17.9917,3265.21,91.1613,0,0
18,3264.46,91.4206,0,0
18.0083,3263.71,91.6784,0,0
18.0167,3262.95,91.937,0,0
18.025,3262.2,92.196,0,0
18.0333,3261.44,92.4552,0,0
18.0417,3260.67,92.7145,0,0
18.05,3259.91,92.9737,0,0
18.0583,3259.14,93.2326,0,0
18.0667,3258.37,93.4912,0,0
18.075,3257.6,93.7496,0,0
18.0833,3256.83,94.0082,0,0
18.0917,3256.06,94.2691,0,0
18.1,3255.28,94.5315,0,0
18.1083,3254.5,94.7953,0,0
18.1167,3253.72,95.0601,0,0
18.125,3252.93,95.3239,0,0
18.1333,3252.15,95.586,0,0
18.1417,3251.36,95.8466,0,0
18.15,3250.57,96.1054,0,0
18.1583,3249.78,96.363,0,0
18.1667,3248.98,96.6215,0,0
18.175,3248.18,96.8802,0,0
18.1833,3247.39,97.1393,0,0
18.1917,3246.58,97.3984,0,0
18.2,3245.78,97.6574,0,0
18.2083,3244.97,97.916,0,0
18.2167,3244.17,98.1743,0,0
18.225,3243.36,98.4324,0,0
18.2333,3242.54,98.6912,0,0
18.2417,3241.73,98.9524,0,0
18.25,3240.91,99.2152,0,0
18.2583,3240.09,99.4795,0,0
18.2667,3239.27,99.7448,0,0
18.275,3238.45,100.008,0,0
18.2833,3237.62,100.27,0,0
18.2917,3236.8,100.53,0,0
18.3,3235.97,100.789,0,0
18.3083,3235.13,101.046,0,0
18.3167,3234.3,101.304,0,0
18.325,3233.46,101.563,0,0
18.3333,3232.62,101.822,0,0
18.3417,3231.78,102.081,0,0
18.35,3230.94,102.339,0,0
18.3583,3230.09,102.597,0,0
18.3667,3229.25,102.855,0,0
18.375,3228.4,103.113,0,0
18.3833,3227.54,103.372,0,0
18.3917,3226.69,103.634,0,0
18.4,3225.83,103.897,0,0
18.4083,3224.98,104.162,0,0
18.4167,3224.11,104.427,0,0
18.425,3223.25,104.691,0,0
18.4333,3222.39,104.952,0,0
18.4417,3221.52,105.212,0,0
18.45,3220.65,105.469,0,0
18.4583,3219.78,105.726,0,0
18.4667,3218.9,105.984,0,0
18.475,3218.03,106.242,0,0
18.4833,3217.15,106.501,0,0
18.4917,3216.27,106.759,0,0
18.5,3215.39,107.018,0,0
18.5083,3214.5,107.275,0,0
18.5167,3213.61,107.533,0,0
18.525,3212.72,107.79,0,0
18.5333,3211.83,108.049,0,0
18.5417,3210.94,108.311,0,0
18.55,3210.04,108.575,0,0
18.5583,3209.15,108.84,0,0
18.5667,3208.25,109.106,0,0
18.575,3207.34,109.369,0,0
18.5833,3206.44,109.63,0,0
18.5917,3205.53,109.888,0,0
18.6,3204.62,110.145,0,0
18.6083,3203.71,110.402,0,0
18.6167,3202.8,110.659,0,0
18.625,3201.88,110.917,0,0
18.6333,3200.96,111.175,0,0
18.6417,3200.04,111.433,0,0
18.65,3199.12,111.691,0,0
18.6583,3198.2,111.948,0,0
18.6667,3197.27,112.205,0,0
18.675,3196.34,112.461,0,0
18.6833,3195.41,112.721,0,0
18.6917,3194.48,112.984,0,0
18.7,3193.54,113.248,0,0
18.7083,3192.61,113.514,0,0
18.7167,3191.67,113.779,0,0
18.725,3190.72,114.041,0,0
18.7333,3189.78,114.302,0,0
18.7417,3188.83,114.559,0,0
18.75,3187.89,114.814,0,0
18.7583,3186.93,115.071,0,0
18.7667,3185.98,115.328,0,0
18.775,3185.03,115.586,0,0
18.7833,3184.07,115.843,0,0
18.7917,3183.11,116.101,0,0
18.8,3182.15,116.358,0,0
18.8083,3181.19,116.614,0,0
18.8167,3180.22,116.87,0,0
18.825,3179.25,117.127,0,0
18.8333,3178.28,117.388,0,0
18.8417,3177.31,117.651,0,0
18.85,3176.33,117.916,0,0
18.8583,3175.36,118.183,0,0
18.8667,3174.38,118.447,0,0
18.875,3173.4,118.709,0,0
18.8833,3172.41,118.968,0,0
18.8917,3171.43,119.224,0,0
18.9,3170.44,119.478,0,0
18.9083,3169.45,119.735,0,0
18.9167,3168.46,119.991,0,0
18.925,3167.46,120.249,0,0
18.9333,3166.47,120.506,0,0
18.9417,3165.47,120.763,0,0
18.95,3164.47,121.019,0,0
18.9583,3163.47,121.274,0,0
18.9667,3162.46,121.529,0,0
18.975,3161.45,121.787,0,0
18.9833,3160.44,122.049,0,0
18.9917,3159.43,122.313,0,0
19,3158.42,122.579,0,0
19.0083,3157.4,122.845,0,0
19.0167,3156.39,123.108,0,0
19.025,3155.37,123.369,0,0
19.0333,3154.34,123.627,0,0
19.0417,3153.32,123.881,0,0
19.05,3152.29,124.135,0,0
19.0583,3151.26,124.391,0,0
19.0667,3150.23,124.647,0,0
19.075,3149.2,124.904,0,0
19.0833,3148.16,125.161,0,0
19.0917,3147.12,125.416,0,0
19.1,3146.08,125.671,0,0
19.1083,3145.04,125.926,0,0
19.1167,3144,126.18,0,0
19.125,3142.95,126.44,0,0
19.1333,3141.9,126.703,0,0
19.1417,3140.85,126.968,0,0
19.15,3139.8,127.234,0,0
19.1583,3138.74,127.499,0,0
19.1667,3137.69,127.762,0,0
19.175,3136.63,128.021,0,0
19.1833,3135.57,128.276,0,0
19.1917,3134.5,128.529,0,0
19.2,3133.44,128.783,0,0
19.2083,3132.37,129.039,0,0
19.2167,3131.3,129.295,0,0
19.225,3130.22,129.551,0,0
19.2333,3129.15,129.807,0,0
19.2417,3128.07,130.061,0,0
19.25,3126.99,130.315,0,0
19.2583,3125.91,130.568,0,0
19.2667,3124.83,130.825,0,0
19.275,3123.74,131.087,0,0
19.2833,3122.66,131.351,0,0
19.2917,3121.57,131.617,0,0
19.3,3120.48,131.883,0,0
19.3083,3119.38,132.147,0,0
19.3167,3118.28,132.408,0,0
19.325,3117.19,132.665,0,0
19.3333,3116.09,132.918,0,0
19.3417,3114.98,133.17,0,0
19.35,3113.88,133.424,0,0
19.3583,3112.77,133.679,0,0
19.3667,3111.66,133.935,0,0
19.375,3110.55,134.19,0,0
19.3833,3109.44,134.445,0,0
19.3917,3108.32,134.698,0,0
19.4,3107.2,134.95,0,0
19.4083,3106.08,135.202,0,0
19.4167,3104.96,135.463,0,0
19.425,3103.84,135.726,0,0
19.4333,3102.71,135.991,0,0
19.4417,3101.58,136.258,0,0
19.45,3100.45,136.524,0,0
19.4583,3099.32,136.786,0,0
19.4667,3098.18,137.045,0,0
19.475,3097.04,137.299,0,0
19.4833,3095.9,137.549,0,0
19.4917,3094.76,137.802,0,0
19.5,3093.62,138.055,0,0
19.5083,3092.47,138.31,0,0
19.5167,3091.32,138.565,0,0
19.525,3090.17,138.82,0,0
19.5333,3089.02,139.072,0,0
19.5417,3087.87,139.324,0,0
19.55,3086.71,139.575,0,0
19.5583,3085.55,139.833,0,0
19.5667,3084.39,140.096,0,0
19.575,3083.23,140.361,0,0
19.5833,3082.06,140.627,0,0
19.5917,3080.89,140.894,0,0
19.6,3079.72,141.157,0,0
19.6083,3078.55,141.418,0,0
19.6167,3077.38,141.675,0,0
19.625,3076.2,141.923,0,0
19.6333,3075.02,142.174,0,0
19.6417,3073.84,142.426,0,0
19.65,3072.66,142.68,0,0
19.6583,3071.47,142.934,0,0
19.6667,3070.29,143.188,0,0
19.675,3069.1,143.441,0,0
19.6833,3067.91,143.692,0,0
19.6917,3066.71,143.941,0,0
19.7,3065.52,144.196,0,0
19.7083,3064.32,144.46,0,0
19.7167,3063.12,144.725,0,0
19.725,3061.92,144.991,0,0
19.7333,3060.71,145.258,0,0
19.7417,3059.51,145.523,0,0
19.75,3058.3,145.785,0,0
19.7583,3057.09,146.044,0,0
19.7667,3055.87,146.295,0,0
19.775,3054.66,146.543,0,0
19.7833,3053.44,146.794,0,0
19.7917,3052.22,147.047,0,0
19.8,3051,147.3,0,0
19.8083,3049.78,147.554,0,0
19.8167,3048.55,147.806,0,0
19.825,3047.32,148.056,0,0
19.8333,3046.09,148.305,0,0
19.8417,3044.86,148.555,0,0
19.85,3043.63,148.822,0,0
19.8583,3042.39,149.087,0,0
19.8667,3041.15,149.353,0,0
19.875,3039.91,149.62,0,0
19.8833,3038.67,149.886,0,0
19.8917,3037.42,150.149,0,0
19.9,3036.18,150.411,0,0
19.9083,3034.93,150.668,0,0
19.9167,3033.67,150.911,0,0
19.925,3032.42,151.161,0,0
19.9333,3031.16,151.412,0,0
19.9417,3029.91,151.665,0,0
19.95,3028.65,151.918,0,0
19.9583,3027.38,152.17,0,0
19.9667,3026.12,152.419,0,0
19.975,3024.85,152.667,0,0
19.9833,3023.58,152.913,0,0
19.9917,3022.31,153.182,0,0
20,3021.04,153.446,0,0
20.0083,3019.76,153.712,0,0
20.0167,3018.49,153.979,0,0
20.025,3017.21,154.246,0,0
20.0333,3015.93,154.509,0,0
20.0417,3014.64,154.771,0,0
20.05,3013.35,155.029,0,0
20.0583,3012.07,155.27,0,0
20.0667,3010.78,155.519,0,0
20.075,3009.48,155.769,0,0
20.0833,3008.19,156.021,0,0
20.0917,3006.89,156.274,0,0
20.1,3005.59,156.524,0,0
20.1083,3004.29,156.773,0,0
20.1167,3002.99,157.02,0,0
20.125,3001.68,157.266,0,0
20.1333,3000.38,157.529,0,0
20.1417,2999.07,157.792,0,0
20.15,2997.76,158.058,0,0
20.1583,2996.44,158.325,0,0
20.1667,2995.13,158.591,0,0
20.175,2993.81,158.854,0,0
20.1833,2992.49,159.113,0,0
20.1917,2991.16,159.365,0,0
20.2,2989.84,159.608,0,0
20.2083,2988.51,159.856,0,0
20.2167,2987.19,160.105,0,0
20.225,2985.85,160.356,0,0
20.2333,2984.52,160.608,0,0
20.2417,2983.19,160.858,0,0
20.25,2981.85,161.106,0,0
20.2583,2980.51,161.352,0,0
20.2667,2979.17,161.598,0,0
20.275,2977.83,161.855,0,0
20.2833,2976.48,162.118,0,0
20.2917,2975.13,162.383,0,0
20.3,2973.78,162.65,0,0
20.3083,2972.43,162.916,0,0
20.3167,2971.08,163.178,0,0
20.325,2969.72,163.435,0,0
20.3333,2968.36,163.685,0,0
20.3417,2967,163.928,0,0
20.35,2965.64,164.175,0,0
20.3583,2964.27,164.424,0,0
20.3667,2962.91,164.674,0,0
20.375,2961.54,164.924,0,0
20.3833,2960.17,165.174,0,0
20.3917,2958.79,165.421,0,0
20.4,2957.42,165.668,0,0
20.4083,2956.04,165.913,0,0
20.4167,2954.66,166.166,0,0
20.425,2953.28,166.426,0,0
20.4333,2951.9,166.69,0,0
20.4417,2950.51,166.958,0,0
20.45,2949.12,167.224,0,0
20.4583,2947.73,167.485,0,0
20.4667,2946.34,167.741,0,0
20.475,2944.95,167.991,0,0
20.4833,2943.55,168.233,0,0
20.4917,2942.15,168.48,0,0
20.5,2940.75,168.728,0,0
20.5083,2939.35,168.977,0,0
20.5167,2937.94,169.227,0,0
20.525,2936.54,169.476,0,0
20.5333,2935.13,169.723,0,0
20.5417,2933.72,169.969,0,0
20.55,2932.3,170.214,0,0
20.5583,2930.89,170.464,0,0
20.5667,2929.47,170.722,0,0
20.575,2928.05,170.985,0,0
20.5833,2926.63,171.252,0,0
20.5917,2925.2,171.518,0,0
20.6,2923.78,171.779,0,0
20.6083,2922.35,172.035,0,0
20.6167,2920.92,172.285,0,0
20.625,2919.49,172.529,0,0
20.6333,2918.05,172.775,0,0
20.6417,2916.62,173.023,0,0
20.65,2915.18,173.271,0,0
20.6583,2913.74,173.52,0,0
20.6667,2912.29,173.768,0,0
20.675,2910.85,174.015,0,0
20.6833,2909.4,174.261,0,0
20.6917,2907.95,174.506,0,0
20.7,2906.5,174.754,0,0
20.7083,2905.05,175.009,0,0
20.7167,2903.59,175.27,0,0
20.725,2902.14,175.536,0,0
20.7333,2900.68,175.804,0,0
20.7417,2899.21,176.065,0,0
20.75,2897.75,176.321,0,0
20.7583,2896.28,176.572,0,0
20.7667,2894.82,176.818,0,0
20.775,2893.35,177.063,0,0
20.7833,2891.87,177.31,0,0
20.7917,2890.4,177.558,0,0
20.8,2888.92,177.805,0,0
20.8083,2887.44,178.053,0,0
20.8167,2885.96,178.299,0,0
20.825,2884.48,178.545,0,0
20.8333,2883,178.79,0,0
20.8417,2881.51,179.036,0,0
20.85,2880.02,179.289,0,0
20.8583,2878.53,179.548,0,0
20.8667,2877.04,179.812,0,0
20.875,2875.54,180.081,0,0
20.8833,2874.04,180.343,0,0
20.8917,2872.54,180.6,0,0
20.9,2871.04,180.852,0,0
20.9083,2869.54,181.099,0,0
20.9167,2868.03,181.344,0,0
20.925,2866.52,181.59,0,0
20.9333,2865.01,181.837,0,0
20.9417,2863.5,182.084,0,0
20.95,2861.98,182.33,0,0
20.9583,2860.47,182.576,0,0
20.9667,2858.95,182.822,0,0
20.975,2857.43,183.067,0,0
20.9833,2855.91,183.312,0,0
20.9917,2854.38,183.563,0,0
21,2852.85,183.82,0,0
21.0083,2851.33,184.083,0,0
21.0167,2849.79,184.35,0,0
21.025,2848.26,184.614,0,0
21.0333,2846.72,184.872,0,0
21.0417,2845.19,185.124,0,0
21.05,2843.65,185.372,0,0
21.0583,2842.11,185.616,0,0
21.0667,2840.56,185.861,0,0
21.075,2839.02,186.107,0,0
21.0833,2837.47,186.353,0,0
21.0917,2835.92,186.599,0,0
21.1,2834.36,186.844,0,0
21.1083,2832.81,187.089,0,0
21.1167,2831.25,187.334,0,0
21.125,2829.7,187.579,0,0
21.1333,2828.14,187.828,0,0
21.1417,2826.57,188.083,0,0
21.15,2825.01,188.343,0,0
21.1583,2823.44,188.609,0,0
21.1667,2821.87,188.876,0,0
21.175,2820.3,189.134,0,0
21.1833,2818.73,189.388,0,0
21.1917,2817.15,189.636,0,0
21.2,2815.57,189.879,0,0
21.2083,2813.99,190.124,0,0
21.2167,2812.41,190.369,0,0
21.225,2810.83,190.614,0,0
21.2333,2809.24,190.858,0,0
21.2417,2807.65,191.103,0,0
21.25,2806.06,191.347,0,0
21.2583,2804.47,191.591,0,0
21.2667,2802.88,191.835,0,0
21.275,2801.28,192.081,0,0
21.2833,2799.68,192.334,0,0
21.2917,2798.08,192.593,0,0
21.3,2796.48,192.857,0,0
21.3083,2794.87,193.126,0,0
21.3167,2793.27,193.386,0,0
21.325,2791.66,193.64,0,0
21.3333,2790.05,193.889,0,0
21.3417,2788.43,194.132,0,0
21.35,2786.82,194.375,0,0
21.3583,2785.2,194.619,0,0
21.3667,2783.58,194.863,0,0
21.375,2781.96,195.106,0,0
21.3833,2780.34,195.35,0,0
21.3917,2778.71,195.593,0,0
21.4,2777.08,195.837,0,0
21.4083,2775.45,196.08,0,0
21.4167,2773.82,196.323,0,0
21.425,2772.19,196.574,0,0
21.4333,2770.55,196.83,0,0
21.4417,2768.91,197.093,0,0
21.45,2767.27,197.36,0,0
21.4583,2765.63,197.623,0,0
21.4667,2763.98,197.878,0,0
21.475,2762.34,198.128,0,0
21.4833,2760.69,198.372,0,0
21.4917,2759.04,198.613,0,0
21.5,2757.38,198.856,0,0
21.5083,2755.73,199.098,0,0
21.5167,2754.07,199.341,0,0
21.525,2752.41,199.583,0,0
21.5333,2750.75,199.826,0,0
21.5417,2749.09,200.068,0,0
21.55,2747.42,200.31,0,0
21.5583,2745.76,200.552,0,0
21.5667,2744.09,200.8,0,0
21.575,2742.42,201.054,0,0
21.5833,2740.74,201.315,0,0
21.5917,2739.07,201.581,0,0
21.6,2737.39,201.846,0,0
21.6083,2735.71,202.103,0,0
21.6167,2734.03,202.353,0,0
21.625,2732.34,202.598,0,0
21.6333,2730.65,202.837,0,0
21.6417,2728.97,203.079,0,0
21.65,2727.28,203.321,0,0
21.6583,2725.58,203.563,0,0
21.6667,2723.89,203.804,0,0
21.675,2722.19,204.045,0,0
21.6833,2720.49,204.286,0,0
21.6917,2718.79,204.527,0,0
21.7,2717.09,204.768,0,0
21.7083,2715.39,205.011,0,0
21.7167,2713.68,205.263,0,0
21.725,2711.97,205.522,0,0
21.7333,2710.26,205.786,0,0
21.7417,2708.55,206.055,0,0
21.75,2706.83,206.313,0,0
21.7583,2705.11,206.565,0,0
21.7667,2703.39,206.81,0,0
21.775,2701.67,207.05,0,0
21.7833,2699.95,207.29,0,0
21.7917,2698.22,207.531,0,0
21.8,2696.49,207.771,0,0
21.8083,2694.76,208.012,0,0
21.8167,2693.03,208.252,0,0
21.825,2691.3,208.492,0,0
21.8333,2689.56,208.73,0,0
21.8417,2687.82,208.969,0,0
21.85,2686.08,209.207,0,0
21.8583,2684.34,209.456,0,0
21.8667,2682.6,209.711,0,0
21.875,2680.85,209.974,0,0
21.8833,2679.1,210.244,0,0
21.8917,2677.35,210.504,0,0
21.9,2675.6,210.757,0,0
21.9083,2673.85,211.004,0,0
21.9167,2672.09,211.244,0,0
21.925,2670.33,211.481,0,0
21.9333,2668.57,211.721,0,0
21.9417,2666.81,211.96,0,0
21.95,2665.04,212.2,0,0
21.9583,2663.27,212.439,0,0
21.9667,2661.51,212.677,0,0
21.975,2659.74,212.913,0,0
21.9833,2657.96,213.149,0,0
21.9917,2656.19,213.383,0,0
22,2654.41,213.627,0,0
22.0083,2652.63,213.881,0,0
22.0167,2650.85,214.142,0,0
22.025,2649.07,214.411,0,0
22.0333,2647.28,214.673,0,0
22.0417,2645.49,214.928,0,0
22.05,2643.7,215.177,0,0
22.0583,2641.91,215.417,0,0
22.0667,2640.12,215.65,0,0
22.075,2638.32,215.887,0,0
22.0833,2636.52,216.125,0,0
22.0917,2634.73,216.363,0,0
22.1,2632.92,216.601,0,0
22.1083,2631.12,216.838,0,0
22.1167,2629.31,217.072,0,0
22.125,2627.51,217.305,0,0
22.1333,2625.7,217.536,0,0
22.1417,2623.89,217.772,0,0
22.15,2622.07,218.025,0,0
22.1583,2620.26,218.287,0,0
22.1667,2618.44,218.554,0,0
22.175,2616.62,218.818,0,0
22.1833,2614.8,219.075,0,0
22.1917,2612.97,219.326,0,0
22.2,2611.14,219.568,0,0
22.2083,2609.32,219.801,0,0
22.2167,2607.49,220.031,0,0
22.225,2605.65,220.266,0,0
22.2333,2603.82,220.502,0,0
22.2417,2601.98,220.74,0,0
22.25,2600.14,220.977,0,0
22.2583,2598.3,221.21,0,0
22.2667,2596.46,221.44,0,0
22.275,2594.62,221.668,0,0
22.2833,2592.77,221.893,0,0
22.2917,2590.92,222.158,0,0
22.3,2589.07,222.422,0,0
22.3083,2587.22,222.684,0,0
22.3167,2585.37,222.947,0,0
22.325,2583.51,223.208,0,0
22.3333,2581.65,223.463,0,0
22.3417,2579.79,223.711,0,0
22.35,2577.93,223.948,0,0
22.3583,2576.06,224.169,0,0
22.3667,2574.19,224.398,0,0
22.375,2572.33,224.631,0,0
22.3833,2570.46,224.866,0,0
22.3917,2568.58,225.103,0,0
22.4,2566.71,225.338,0,0
22.4083,2564.83,225.569,0,0
22.4167,2562.95,225.797,0,0
22.425,2561.07,226.022,0,0
22.4333,2559.19,226.26,0,0
22.4417,2557.31,226.514,0,0
22.45,2555.42,226.772,0,0
22.4583,2553.53,227.034,0,0
22.4667,2551.64,227.297,0,0
22.475,2549.75,227.558,0,0
22.4833,2547.85,227.815,0,0
22.4917,2545.96,228.07,0,0
22.5,2544.06,228.323,0,0
22.5083,2542.16,228.534,0,0
22.5167,2540.25,228.762,0,0
22.525,2538.35,228.994,0,0
22.5333,2536.44,229.229,0,0
22.5417,2534.53,229.465,0,0
22.55,2532.62,229.698,0,0
22.5583,2530.71,229.927,0,0
22.5667,2528.79,230.155,0,0
22.575,2526.88,230.383,0,0
22.5833,2524.96,230.628,0,0
22.5917,2523.04,230.882,0,0
22.6,2521.12,231.142,0,0
22.6083,2519.19,231.406,0,0
22.6167,2517.26,231.671,0,0
22.625,2515.34,231.93,0,0
22.6333,2513.4,232.178,0,0
22.6417,2511.47,232.407,0,0
22.65,2509.53,232.625,0,0
22.6583,2507.6,232.852,0,0
22.6667,2505.66,233.082,0,0
22.675,2503.72,233.315,0,0
22.6833,2501.77,233.549,0,0
22.6917,2499.83,233.783,0,0
22.7,2497.88,234.013,0,0
22.7083,2495.93,234.242,0,0
22.7167,2493.98,234.47,0,0
22.725,2492.03,234.713,0,0
22.7333,2490.07,234.965,0,0
22.7417,2488.12,235.225,0,0
22.75,2486.16,235.489,0,0
22.7583,2484.2,235.757,0,0
22.7667,2482.23,236.01,0,0
22.775,2480.27,236.252,0,0
22.7833,2478.3,236.478,0,0
22.7917,2476.33,236.698,0,0
22.8,2474.36,236.925,0,0
22.8083,2472.39,237.154,0,0
22.8167,2470.41,237.386,0,0
22.825,2468.43,237.619,0,0
22.8333,2466.45,237.851,0,0
22.8417,2464.47,238.081,0,0
22.85,2462.49,238.309,0,0
22.8583,2460.51,238.538,0,0
22.8667,2458.52,238.782,0,0
22.875,2456.53,239.035,0,0
22.8833,2454.54,239.296,0,0
22.8917,2452.55,239.561,0,0
22.9,2450.55,239.826,0,0
22.9083,2448.55,240.075,0,0
22.9167,2446.55,240.312,0,0
22.925,2444.55,240.532,0,0
22.9333,2442.55,240.754,0,0
22.9417,2440.54,240.98,0,0
22.95,2438.53,241.209,0,0
22.9583,2436.53,241.44,0,0
22.9667,2434.51,241.672,0,0
22.975,2432.5,241.902,0,0
22.9833,2430.49,242.129,0,0
22.9917,2428.47,242.355,0,0
23,2426.45,242.588,0,0
23.0083,2424.43,242.835,0,0
23.0167,2422.41,243.092,0,0
23.025,2420.38,243.355,0,0
23.0333,2418.36,243.623,0,0
23.0417,2416.33,243.881,0,0
23.05,2414.29,244.126,0,0
23.0583,2412.26,244.355,0,0
23.0667,2410.22,244.568,0,0
23.075,2408.19,244.791,0,0
23.0833,2406.15,245.017,0,0
23.0917,2404.11,245.246,0,0
23.1,2402.06,245.477,0,0
23.1083,2400.02,245.706,0,0
23.1167,2397.97,245.932,0,0
23.125,2395.92,246.155,0,0
23.1333,2393.87,246.378,0,0
23.1417,2391.82,246.62,0,0
23.15,2389.77,246.873,0,0
23.1583,2387.71,247.135,0,0
23.1667,2385.65,247.401,0,0
23.175,2383.59,247.667,0,0
23.1833,2381.53,247.919,0,0
23.1917,2379.46,248.158,0,0
23.2,2377.39,248.371,0,0
23.2083,2375.33,248.587,0,0
23.2167,2373.25,248.81,0,0
23.225,2371.18,249.037,0,0
23.2333,2369.11,249.267,0,0
23.2417,2367.03,249.495,0,0
23.25,2364.95,249.718,0,0
23.2583,2362.87,249.938,0,0
23.2667,2360.79,250.156,0,0
23.275,2358.71,250.397,0,0
23.2833,2356.62,250.651,0,0
23.2917,2354.53,250.913,0,0
23.3,2352.44,251.178,0,0
23.3083,2350.35,251.442,0,0
23.3167,2348.25,251.702,0,0
23.325,2346.16,251.955,0,0
23.3333,2344.06,252.192,0,0
23.3417,2341.96,252.396,0,0
23.35,2339.85,252.616,0,0
23.3583,2337.75,252.842,0,0
23.3667,2335.64,253.071,0,0
23.375,2333.54,253.298,0,0
23.3833,2331.43,253.518,0,0
23.3917,2329.31,253.733,0,0
23.4,2327.2,253.945,0,0
23.4083,2325.08,254.204,0,0
23.4167,2322.97,254.463,0,0
23.425,2320.85,254.726,0,0
23.4333,2318.72,254.99,0,0
23.4417,2316.6,255.251,0,0
23.45,2314.47,255.502,0,0
23.4583,2312.34,255.741,0,0
23.4667,2310.21,255.947,0,0
23.475,2308.08,256.162,0,0
23.4833,2305.95,256.383,0,0
23.4917,2303.81,256.609,0,0
23.5,2301.67,256.837,0,0
23.5083,2299.54,257.059,0,0
23.5167,2297.39,257.276,0,0
23.525,2295.25,257.489,0,0
23.5333,2293.11,257.699,0,0
23.5417,2290.96,257.966,0,0
23.55,2288.81,258.228,0,0
23.5583,2286.66,258.494,0,0
23.5667,2284.5,258.756,0,0
23.575,2282.35,259.01,0,0
23.5833,2280.19,259.251,0,0
23.5917,2278.03,259.477,0,0
23.6,2275.87,259.686,0,0
23.6083,2273.71,259.905,0,0
23.6167,2271.54,260.127,0,0
23.625,2269.37,260.354,0,0
23.6333,2267.21,260.578,0,0
23.6417,2265.03,260.798,0,0
23.65,2262.86,261.014,0,0
23.6583,2260.69,261.226,0,0
23.6667,2258.51,261.446,0,0
23.675,2256.33,261.696,0,0
23.6833,2254.15,261.956,0,0
23.6917,2251.97,262.227,0,0
23.7,2249.79,262.485,0,0
23.7083,2247.6,262.735,0,0
23.7167,2245.41,262.972,0,0
23.725,2243.22,263.195,0,0
23.7333,2241.03,263.409,0,0
23.7417,2238.83,263.63,0,0
23.75,2236.64,263.854,0,0
23.7583,2234.44,264.079,0,0
23.7667,2232.24,264.302,0,0
23.775,2230.04,264.52,0,0
23.7833,2227.83,264.735,0,0
23.7917,2225.63,264.948,0,0
23.8,2223.42,265.169,0,0
23.8083,2221.21,265.413,0,0
23.8167,2219,265.671,0,0
23.825,2216.79,265.94,0,0
23.8333,2214.57,266.199,0,0
23.8417,2212.35,266.446,0,0
23.85,2210.13,266.683,0,0
23.8583,2207.91,266.907,0,0
23.8667,2205.69,267.123,0,0
23.875,2203.46,267.346,0,0
23.8833,2201.23,267.568,0,0
23.8917,2199.01,267.791,0,0
23.9,2196.77,268.012,0,0
23.9083,2194.54,268.229,0,0
23.9167,2192.31,268.443,0,0
23.925,2190.07,268.657,0,0
23.9333,2187.83,268.874,0,0
23.9417,2185.59,269.115,0,0
23.95,2183.35,269.371,0,0
23.9583,2181.1,269.638,0,0
23.9667,2178.86,269.898,0,0
23.975,2176.61,270.145,0,0
23.9833,2174.36,270.382,0,0
23.9917,2172.11,270.607,0,0
24,2169.85,270.823,0,0
24.0083,2167.6,271.044,0,0
24.0167,2165.34,271.265,0,0
24.025,2163.08,271.486,0,0
24.0333,2160.82,271.706,0,0
24.0417,2158.55,271.922,0,0
24.05,2156.29,272.134,0,0
24.0583,2154.02,272.345,0,0
24.0667,2151.75,272.556,0,0
24.075,2149.48,272.794,0,0
24.0833,2147.21,273.047,0,0
24.0917,2144.93,273.313,0,0
24.1,2142.65,273.573,0,0
24.1083,2140.37,273.822,0,0
24.1167,2138.09,274.06,0,0
24.125,2135.81,274.288,0,0
24.1333,2133.53,274.502,0,0
24.1417,2131.24,274.719,0,0
24.15,2128.95,274.939,0,0
24.1583,2126.66,275.159,0,0
24.1667,2124.37,275.378,0,0
24.175,2122.07,275.593,0,0
24.1833,2119.78,275.804,0,0
24.1917,2117.48,276.011,0,0
24.2,2115.18,276.215,0,0
24.2083,2112.88,276.451,0,0
24.2167,2110.57,276.708,0,0
24.225,2108.27,276.975,0,0
24.2333,2105.96,277.231,0,0
24.2417,2103.65,277.482,0,0
24.25,2101.34,277.725,0,0
24.2583,2099.03,277.954,0,0
24.2667,2096.71,278.169,0,0
24.275,2094.39,278.377,0,0
24.2833,2092.07,278.591,0,0
24.2917,2089.75,278.808,0,0
24.3,2087.43,279.028,0,0
24.3083,2085.11,279.245,0,0
24.3167,2082.78,279.457,0,0
24.325,2080.45,279.663,0,0
24.3333,2078.12,279.865,0,0
24.3417,2075.79,280.078,0,0
24.35,2073.46,280.329,0,0
24.3583,2071.12,280.579,0,0
24.3667,2068.78,280.834,0,0
24.375,2066.44,281.089,0,0
24.3833,2064.1,281.339,0,0
24.3917,2061.76,281.579,0,0
24.4,2059.41,281.807,0,0
24.4083,2057.06,282.006,0,0
24.4167,2054.71,282.207,0,0
24.425,2052.36,282.416,0,0
24.4333,2050.01,282.63,0,0
24.4417,2047.65,282.849,0,0
24.45,2045.3,283.066,0,0
24.4583,2042.94,283.278,0,0
24.4667,2040.58,283.486,0,0
24.475,2038.22,283.693,0,0
24.4833,2035.85,283.916,0,0
24.4917,2033.49,284.157,0,0
24.5,2031.12,284.408,0,0
24.5083,2028.75,284.664,0,0
24.5167,2026.38,284.921,0,0
24.525,2024,285.177,0,0
24.5333,2021.63,285.429,0,0
24.5417,2019.25,285.648,0,0
24.55,2016.87,285.833,0,0
24.5583,2014.49,286.038,0,0
24.5667,2012.11,286.248,0,0
24.575,2009.72,286.463,0,0
24.5833,2007.33,286.679,0,0
24.5917,2004.95,286.894,0,0
24.6,2002.55,287.107,0,0
24.6083,2000.16,287.317,0,0
24.6167,1997.77,287.538,0,0
24.625,1995.37,287.777,0,0
24.6333,1992.98,288.026,0,0
24.6417,1990.58,288.283,0,0
24.65,1988.17,288.544,0,0
24.6583,1985.77,288.801,0,0
24.6667,1983.36,289.033,0,0
24.675,1980.95,289.236,0,0
24.6833,1978.54,289.429,0,0
24.6917,1976.13,289.633,0,0
24.7,1973.72,289.843,0,0
24.7083,1971.31,290.056,0,0
24.7167,1968.89,290.271,0,0
24.725,1966.47,290.485,0,0
24.7333,1964.05,290.697,0,0
24.7417,1961.63,290.906,0,0
24.75,1959.2,291.131,0,0
24.7583,1956.78,291.373,0,0
24.7667,1954.35,291.625,0,0
24.775,1951.92,291.884,0,0
24.7833,1949.49,292.146,0,0
24.7917,1947.05,292.395,0,0
24.8,1944.62,292.619,0,0
24.8083,1942.18,292.805,0,0
24.8167,1939.74,293.003,0,0
24.825,1937.3,293.208,0,0
24.8333,1934.86,293.418,0,0
24.8417,1932.41,293.632,0,0
24.85,1929.97,293.845,0,0
24.8583,1927.52,294.054,0,0
24.8667,1925.07,294.259,0,0
24.875,1922.62,294.469,0,0
24.8833,1920.16,294.704,0,0
24.8917,1917.71,294.953,0,0
24.9,1915.25,295.21,0,0
24.9083,1912.79,295.469,0,0
24.9167,1910.33,295.725,0,0
24.925,1907.87,295.977,0,0
24.9333,1905.4,296.205,0,0
24.9417,1902.93,296.38,0,0
24.95,1900.46,296.581,0,0
24.9583,1897.99,296.79,0,0
24.9667,1895.52,297.003,0,0
24.975,1893.05,297.214,0,0
24.9833,1890.57,297.417,0,0
24.9917,1888.09,297.615,0,0
25,1885.61,297.816,0,0
25.0083,1883.13,298.055,0,0
25.0167,1880.65,298.305,0,0
25.025,1878.16,298.563,0,0
25.0333,1875.67,298.819,0,0
25.0417,1873.18,299.064,0,0
25.05,1870.69,299.294,0,0
25.0583,1868.2,299.493,0,0
25.0667,1865.7,299.681,0,0
25.075,1863.21,299.884,0,0
25.0833,1860.71,300.094,0,0
25.0917,1858.21,300.307,0,0
25.1,1855.7,300.512,0,0
25.1083,1853.2,300.709,0,0
25.1167,1850.7,300.899,0,0
25.125,1848.19,301.136,0,0
25.1333,1845.68,301.393,0,0
25.1417,1843.17,301.648,0,0
25.15,1840.65,301.905,0,0
25.1583,1838.14,302.155,0,0
25.1667,1835.62,302.391,0,0
25.175,1833.1,302.608,0,0
25.1833,1830.58,302.802,0,0
25.1917,1828.06,303.002,0,0
25.2,1825.53,303.209,0,0
25.2083,1823.01,303.419,0,0
25.2167,1820.48,303.627,0,0
25.225,1817.95,303.827,0,0
25.2333,1815.42,304.021,0,0
25.2417,1812.88,304.211,0,0
25.25,1810.35,304.431,0,0
25.2583,1807.81,304.684,0,0
25.2667,1805.27,304.95,0,0
25.275,1802.73,305.206,0,0
25.2833,1800.19,305.451,0,0
25.2917,1797.64,305.682,0,0
25.3,1795.1,305.898,0,0
25.3083,1792.55,306.097,0,0
25.3167,1790,306.303,0,0
25.325,1787.45,306.511,0,0
25.3333,1784.89,306.719,0,0
25.3417,1782.34,306.922,0,0
25.35,1779.78,307.121,0,0
25.3583,1777.22,307.314,0,0
25.3667,1774.66,307.506,0,0
25.375,1772.1,307.717,0,0
25.3833,1769.53,307.962,0,0
25.3917,1766.97,308.224,0,0
25.4,1764.4,308.482,0,0
25.4083,1761.83,308.726,0,0
25.4167,1759.26,308.956,0,0
25.425,1756.68,309.172,0,0
25.4333,1754.11,309.373,0,0
25.4417,1751.53,309.578,0,0
25.45,1748.95,309.785,0,0
25.4583,1746.37,309.99,0,0
25.4667,1743.79,310.192,0,0
25.475,1741.2,310.389,0,0
25.4833,1738.62,310.581,0,0
25.4917,1736.03,310.77,0,0
25.5,1733.44,310.972,0,0
25.5083,1730.85,311.216,0,0
25.5167,1728.26,311.478,0,0
25.525,1725.66,311.733,0,0
25.5333,1723.07,311.977,0,0
25.5417,1720.47,312.21,0,0
25.55,1717.87,312.428,0,0
25.5583,1715.26,312.631,0,0
25.5667,1712.66,312.831,0,0
25.575,1710.05,313.036,0,0
25.5833,1707.45,313.242,0,0
25.5917,1704.84,313.445,0,0
25.6,1702.22,313.642,0,0
25.6083,1699.61,313.833,0,0
25.6167,1697,314.018,0,0
25.625,1694.38,314.196,0,0
25.6333,1691.76,314.473,0,0
25.6417,1689.14,314.715,0,0
25.65,1686.52,314.961,0,0
25.6583,1683.9,315.207,0,0
25.6667,1681.27,315.446,0,0
25.675,1678.64,315.669,0,0
25.6833,1676.01,315.874,0,0
25.6917,1673.38,316.057,0,0
25.7,1670.75,316.251,0,0
25.7083,1668.11,316.45,0,0
25.7167,1665.48,316.655,0,0
25.725,1662.84,316.859,0,0
25.7333,1660.2,317.058,0,0
25.7417,1657.56,317.25,0,0
25.75,1654.92,317.439,0,0
25.7583,1652.27,317.639,0,0
25.7667,1649.62,317.867,0,0
25.775,1646.98,318.108,0,0
25.7833,1644.32,318.355,0,0
25.7917,1641.67,318.602,0,0
25.8,1639.02,318.842,0,0
25.8083,1636.36,319.076,0,0
25.8167,1633.7,319.293,0,0
25.825,1631.04,319.455,0,0
25.8333,1628.38,319.643,0,0
25.8417,1625.72,319.839,0,0
25.85,1623.05,320.041,0,0
25.8583,1620.38,320.244,0,0
25.8667,1617.72,320.445,0,0
25.875,1615.05,320.645,0,0
25.8833,1612.37,320.844,0,0
25.8917,1609.7,321.068,0,0
25.9,1607.03,321.306,0,0
25.9083,1604.35,321.553,0,0
25.9167,1601.67,321.805,0,0
25.925,1598.99,322.062,0,0
25.9333,1596.3,322.293,0,0
25.9417,1593.62,322.477,0,0
25.95,1590.93,322.649,0,0
25.9583,1588.24,322.836,0,0
25.9667,1585.55,323.03,0,0
25.975,1582.86,323.229,0,0
25.9833,1580.17,323.431,0,0
25.9917,1577.47,323.632,0,0
26,1574.78,323.831,0,0
26.0083,1572.08,324.037,0,0
26.0167,1569.38,324.264,0,0
26.025,1566.68,324.506,0,0
26.0333,1563.98,324.756,0,0
26.0417,1561.27,325.01,0,0
26.05,1558.56,325.263,0,0
26.0583,1555.85,325.479,0,0
26.0667,1553.14,325.633,0,0
26.075,1550.43,325.815,0,0
26.0833,1547.71,326.005,0,0
26.0917,1545,326.201,0,0
26.1,1542.28,326.402,0,0
26.1083,1539.56,326.601,0,0
26.1167,1536.84,326.796,0,0
26.125,1534.12,326.988,0,0
26.1333,1531.4,327.206,0,0
26.1417,1528.67,327.445,0,0
26.15,1525.94,327.693,0,0
26.1583,1523.22,327.942,0,0
26.1667,1520.48,328.183,0,0
26.175,1517.75,328.414,0,0
26.1833,1515.01,328.589,0,0
26.1917,1512.28,328.761,0,0
26.2,1509.54,328.95,0,0
26.2083,1506.8,329.149,0,0
26.2167,1504.05,329.348,0,0
26.225,1501.31,329.54,0,0
26.2333,1498.57,329.723,0,0
26.2417,1495.82,329.903,0,0
26.25,1493.07,330.13,0,0
26.2583,1490.32,330.372,0,0
26.2667,1487.57,330.621,0,0
26.275,1484.81,330.863,0,0
26.2833,1482.05,331.087,0,0
26.2917,1479.3,331.286,0,0
26.3,1476.54,331.457,0,0
26.3083,1473.77,331.646,0,0
26.3167,1471.01,331.843,0,0
26.325,1468.25,332.041,0,0
26.3333,1465.48,332.231,0,0
26.3417,1462.71,332.41,0,0
26.35,1459.94,332.581,0,0
26.3583,1457.17,332.847,0,0
26.3667,1454.4,333.095,0,0
26.375,1451.62,333.341,0,0
26.3833,1448.84,333.586,0,0
26.3917,1446.06,333.819,0,0
26.4,1443.28,334.034,0,0
26.4083,1440.5,334.228,0,0
26.4167,1437.71,334.417,0,0
26.425,1434.93,334.613,0,0
26.4333,1432.14,334.808,0,0
26.4417,1429.35,334.998,0,0
26.45,1426.56,335.181,0,0
26.4583,1423.76,335.357,0,0
26.4667,1420.97,335.529,0,0
26.475,1418.18,335.746,0,0
26.4833,1415.38,335.999,0,0
26.4917,1412.58,336.261,0,0
26.5,1409.78,336.499,0,0
26.5083,1406.97,336.726,0,0
26.5167,1404.17,336.935,0,0
26.525,1401.36,337.127,0,0
26.5333,1398.55,337.319,0,0
26.5417,1395.74,337.512,0,0
26.55,1392.93,337.704,0,0
26.5583,1390.12,337.889,0,0
26.5667,1387.3,338.069,0,0
26.575,1384.49,338.244,0,0
26.5833,1381.67,338.415,0,0
26.5917,1378.85,338.633,0,0
26.6,1376.03,338.886,0,0
26.6083,1373.21,339.143,0,0
26.6167,1370.38,339.377,0,0
26.625,1367.56,339.602,0,0
26.6333,1364.73,339.81,0,0
26.6417,1361.9,340.001,0,0
26.65,1359.07,340.191,0,0
26.6583,1356.23,340.384,0,0
26.6667,1353.4,340.576,0,0
26.675,1350.56,340.761,0,0
26.6833,1347.72,340.94,0,0
26.6917,1344.88,341.111,0,0
26.7,1342.04,341.274,0,0
26.7083,1339.2,341.538,0,0
26.7167,1336.36,341.77,0,0
26.725,1333.51,342.006,0,0
26.7333,1330.66,342.243,0,0
26.7417,1327.81,342.471,0,0
26.75,1324.96,342.683,0,0
26.7583,1322.1,342.87,0,0
26.7667,1319.25,343.044,0,0
26.775,1316.39,343.227,0,0
26.7833,1313.53,343.417,0,0
26.7917,1310.67,343.61,0,0
26.8,1307.81,343.8,0,0
26.8083,1304.95,343.981,0,0
26.8167,1302.08,344.159,0,0
26.825,1299.21,344.343,0,0
26.8333,1296.35,344.56,0,0
26.8417,1293.48,344.794,0,0
26.85,1290.6,345.033,0,0
26.8583,1287.73,345.268,0,0
26.8667,1284.85,345.495,0,0
26.875,1281.97,345.712,0,0
26.8833,1279.09,345.848,0,0
26.8917,1276.21,346.02,0,0
26.9,1273.33,346.198,0,0
26.9083,1270.44,346.384,0,0
26.9167,1267.56,346.576,0,0
26.925,1264.67,346.766,0,0
26.9333,1261.78,346.956,0,0
26.9417,1258.89,347.151,0,0
26.95,1256,347.371,0,0
26.9583,1253.11,347.604,0,0
26.9667,1250.21,347.846,0,0
26.975,1247.31,348.096,0,0
26.9833,1244.41,348.332,0,0
26.9917,1241.51,348.508,0,0
27,1238.61,348.659,0,0
27.0083,1235.7,348.831,0,0
27.0167,1232.8,349.01,0,0
27.025,1229.89,349.195,0,0
27.0333,1226.98,349.385,0,0
27.0417,1224.07,349.573,0,0
27.05,1221.16,349.762,0,0
27.0583,1218.25,349.974,0,0
27.0667,1215.34,350.203,0,0
27.075,1212.42,350.443,0,0
27.0833,1209.5,350.69,0,0
27.0917,1206.58,350.943,0,0
27.1,1203.66,351.145,0,0
27.1083,1200.73,351.28,0,0
27.1167,1197.81,351.449,0,0
27.125,1194.89,351.627,0,0
27.1333,1191.96,351.814,0,0
27.1417,1189.03,352.003,0,0
27.15,1186.1,352.188,0,0
27.1583,1183.17,352.371,0,0
27.1667,1180.24,352.581,0,0
27.175,1177.3,352.812,0,0
27.1833,1174.36,353.051,0,0
27.1917,1171.42,353.284,0,0
27.2,1168.48,353.503,0,0
27.2083,1165.54,353.682,0,0
27.2167,1162.59,353.833,0,0
27.225,1159.65,354.008,0,0
27.2333,1156.7,354.195,0,0
27.2417,1153.75,354.383,0,0
27.25,1150.8,354.559,0,0
27.2583,1147.85,354.726,0,0
27.2667,1144.89,354.912,0,0
27.275,1141.94,355.14,0,0
27.2833,1138.98,355.378,0,0
27.2917,1136.02,355.613,0,0
27.3,1133.06,355.829,0,0
27.3083,1130.1,356.015,0,0
27.3167,1127.13,356.181,0,0
27.325,1124.16,356.365,0,0
27.3333,1121.2,356.552,0,0
27.3417,1118.23,356.731,0,0
27.35,1115.25,356.898,0,0
27.3583,1112.28,357.055,0,0
27.3667,1109.31,357.288,0,0
27.375,1106.33,357.548,0,0
27.3833,1103.35,357.785,0,0
27.3917,1100.37,358.016,0,0
27.4,1097.39,358.233,0,0
27.4083,1094.41,358.429,0,0
27.4167,1091.42,358.603,0,0
27.425,1088.44,358.787,0,0
27.4333,1085.45,358.968,0,0
27.4417,1082.46,359.141,0,0
27.45,1079.47,359.308,0,0
27.4583,1076.48,359.468,0,0
27.4667,1073.49,359.627,0,0
27.475,1070.49,359.848,0,0
27.4833,1067.5,360.105,0,0
27.4917,1064.5,360.348,0,0
27.5,1061.5,360.564,0,0
27.5083,1058.5,360.764,0,0
27.5167,1055.5,360.943,0,0
27.525,1052.49,361.12,0,0
27.5333,1049.49,361.298,0,0
27.5417,1046.48,361.471,0,0
27.55,1043.47,361.638,0,0
27.5583,1040.46,361.799,0,0
27.5667,1037.45,361.955,0,0
27.575,1034.44,362.143,0,0
27.5833,1031.43,362.399,0,0
27.5917,1028.42,362.642,0,0
27.6,1025.4,362.863,0,0
27.6083,1022.38,363.072,0,0
27.6167,1019.36,363.264,0,0
27.625,1016.34,363.436,0,0
27.6333,1013.32,363.617,0,0
27.6417,1010.3,363.797,0,0
27.65,1007.27,363.972,0,0
27.6583,1004.25,364.137,0,0
27.6667,1001.22,364.294,0,0
27.675,998.188,364.447,0,0
27.6833,995.155,364.655,0,0
27.6917,992.122,364.877,0,0
27.7,989.087,365.105,0,0
27.7083,986.049,365.329,0,0
27.7167,983.01,365.534,0,0
27.725,979.969,365.711,0,0
27.7333,976.926,365.864,0,0
27.7417,973.881,366.032,0,0
27.75,970.835,366.208,0,0
27.7583,967.788,366.39,0,0
27.7667,964.739,366.569,0,0
27.775,961.689,366.744,0,0
27.7833,958.637,366.919,0,0
27.7917,955.583,367.127,0,0
27.8,952.528,367.351,0,0
27.8083,949.47,367.58,0,0
27.8167,946.411,367.808,0,0
27.825,943.35,368.04,0,0
27.8333,940.287,368.241,0,0
27.8417,937.223,368.367,0,0
27.85,934.158,368.529,0,0
27.8583,931.092,368.699,0,0
27.8667,928.025,368.875,0,0
27.875,924.957,369.054,0,0
27.8833,921.887,369.231,0,0
27.8917,918.816,369.433,0,0
27.9,915.743,369.654,0,0
27.9083,912.668,369.89,0,0
27.9167,909.591,370.145,0,0
27.925,906.513,370.345,0,0
27.9333,903.434,370.473,0,0
27.9417,900.355,370.625,0,0
27.95,897.275,370.786,0,0
27.9583,894.194,370.954,0,0
27.9667,891.112,371.127,0,0
27.975,888.028,371.304,0,0
27.9833,884.943,371.481,0,0
27.9917,881.857,371.69,0,0
28,878.769,371.915,0,0
28.0083,875.679,372.15,0,0
28.0167,872.588,372.395,0,0
28.025,869.494,372.61,0,0
28.0333,866.4,372.719,0,0
28.0417,863.307,372.874,0,0
28.05,860.211,373.041,0,0
28.0583,857.114,373.218,0,0
28.0667,854.016,373.396,0,0
28.075,850.916,373.569,0,0
28.0833,847.815,373.766,0,0
28.0917,844.711,373.987,0,0
28.1,841.606,374.215,0,0
28.1083,838.499,374.429,0,0
28.1167,835.39,374.611,0,0
28.125,832.279,374.745,0,0
28.1333,829.166,374.909,0,0
28.1417,826.052,375.085,0,0
28.15,822.936,375.26,0,0
28.1583,819.819,375.42,0,0
28.1667,816.7,375.571,0,0
28.175,813.579,375.773,0,0
28.1833,810.456,375.999,0,0
28.1917,807.331,376.225,0,0
28.2,804.205,376.43,0,0
28.2083,801.076,376.607,0,0
28.2167,797.946,376.772,0,0
28.225,794.815,376.947,0,0
28.2333,791.682,377.115,0,0
28.2417,788.548,377.269,0,0
28.25,785.413,377.412,0,0
28.2583,782.276,377.578,0,0
28.2667,779.141,377.852,0,0
28.275,776.001,378.082,0,0
28.2833,772.86,378.293,0,0
28.2917,769.719,378.482,0,0
28.3,766.575,378.645,0,0
28.3083,763.431,378.809,0,0
28.3167,760.286,378.971,0,0
28.325,757.139,379.126,0,0
28.3333,753.992,379.276,0,0
28.3417,750.844,379.423,0,0
28.35,747.696,379.601,0,0
28.3583,744.547,379.842,0,0
28.3667,741.396,380.093,0,0
28.375,738.244,380.293,0,0
28.3833,735.091,380.466,0,0
28.3917,731.937,380.615,0,0
28.4,728.782,380.776,0,0
28.4083,725.626,380.932,0,0
28.4167,722.469,381.084,0,0
28.425,719.312,381.23,0,0
28.4333,716.154,381.372,0,0
28.4417,712.996,381.577,0,0
28.45,709.838,381.841,0,0
28.4583,706.676,382.054,0,0
28.4667,703.515,382.247,0,0
28.475,700.352,382.422,0,0
28.4833,697.187,382.582,0,0
28.4917,694.021,382.749,0,0
28.5,690.855,382.91,0,0
28.5083,687.687,383.062,0,0
28.5167,684.518,383.205,0,0
28.525,681.347,383.342,0,0
28.5333,678.172,383.549,0,0
28.5417,674.997,383.762,0,0
28.55,671.82,383.978,0,0
28.5583,668.641,384.178,0,0
28.5667,665.46,384.347,0,0
28.575,662.276,384.492,0,0
28.5833,659.091,384.653,0,0
28.5917,655.905,384.824,0,0
28.6,652.718,384.993,0,0
28.6083,649.529,385.158,0,0
28.6167,646.338,385.322,0,0
28.625,643.146,385.522,0,0
28.6333,639.952,385.738,0,0
28.6417,636.756,385.952,0,0
28.65,633.558,386.161,0,0
28.6583,630.359,386.351,0,0
28.6667,627.157,386.465,0,0
28.675,623.956,386.612,0,0
28.6833,620.754,386.77,0,0
28.6917,617.551,386.932,0,0
28.7,614.346,387.095,0,0
28.7083,611.141,387.278,0,0
28.7167,607.935,387.49,0,0
28.725,604.727,387.729,0,0
28.7333,601.518,387.953,0,0
28.7417,598.309,388.087,0,0
28.75,595.1,388.215,0,0
28.7583,591.891,388.36,0,0
28.7667,588.682,388.511,0,0
28.775,585.472,388.664,0,0
28.7833,582.261,388.819,0,0
28.7917,579.05,389.002,0,0
28.8,575.837,389.219,0,0
28.8083,572.624,389.464,0,0
28.8167,569.409,389.673,0,0
28.825,566.194,389.794,0,0
28.8333,562.981,389.923,0,0
28.8417,559.767,390.068,0,0
28.85,556.553,390.221,0,0
28.8583,553.337,390.381,0,0
28.8667,550.121,390.543,0,0
28.875,546.904,390.739,0,0
28.8833,543.685,390.951,0,0
28.8917,540.465,391.167,0,0
28.9,537.244,391.369,0,0
28.9083,534.019,391.466,0,0
28.9167,530.791,391.611,0,0
28.925,527.565,391.771,0,0
28.9333,524.336,391.938,0,0
28.9417,521.106,392.099,0,0
28.95,517.874,392.279,0,0
28.9583,514.641,392.492,0,0
28.9667,511.405,392.701,0,0
28.975,508.168,392.876,0,0
28.9833,504.928,393.01,0,0
28.9917,501.686,393.172,0,0
29,498.443,393.336,0,0
29.0083,495.199,393.481,0,0
29.0167,491.953,393.613,0,0
29.025,488.703,393.811,0,0
29.0333,485.452,394.027,0,0
29.0417,482.201,394.228,0,0
29.05,478.947,394.401,0,0
29.0583,475.692,394.551,0,0
29.0667,472.437,394.704,0,0
29.075,469.18,394.846,0,0
29.0833,465.923,394.977,0,0
29.0917,462.667,395.104,0,0
29.1,459.412,395.342,0,0
29.1083,456.154,395.588,0,0
29.1167,452.895,395.769,0,0
29.125,449.636,395.912,0,0
29.1333,446.377,396.045,0,0
29.1417,443.118,396.185,0,0
29.15,439.86,396.322,0,0
29.1583,436.601,396.46,0,0
29.1667,433.342,396.61,0,0
29.175,430.084,396.827,0,0
29.1833,426.824,397.091,0,0
29.1917,423.564,397.257,0,0
29.2,420.305,397.374,0,0
29.2083,417.046,397.508,0,0
29.2167,413.787,397.644,0,0
29.225,410.528,397.779,0,0
29.2333,407.27,397.912,0,0
29.2417,404.012,398.085,0,0
29.25,400.754,398.332,0,0
29.2583,397.495,398.535,0,0
29.2667,394.236,398.684,0,0
29.275,390.977,398.813,0,0
29.2833,387.718,398.955,0,0
29.2917,384.459,399.09,0,0
29.3,381.2,399.215,0,0
29.3083,377.941,399.328,0,0
29.3167,374.681,399.575,0,0
29.325,371.417,399.763,0,0
29.3333,368.154,399.946,0,0
29.3417,364.888,400.105,0,0
29.35,361.621,400.255,0,0
29.3583,358.353,400.41,0,0
29.3667,355.083,400.558,0,0
29.375,351.812,400.697,0,0
29.3833,348.538,400.854,0,0
29.3917,345.262,401.056,0,0
29.4,341.985,401.255,0,0
29.4083,338.706,401.418,0,0
29.4167,335.423,401.53,0,0
29.425,332.137,401.668,0,0
29.4333,328.852,401.818,0,0
29.4417,325.566,401.974,0,0
29.45,322.279,402.129,0,0
29.4583,318.992,402.32,0,0
29.4667,315.703,402.532,0,0
29.475,312.414,402.772,0,0
29.4833,309.125,402.84,0,0
29.4917,305.841,402.968,0,0
29.5,302.554,403.101,0,0
29.5083,299.268,403.236,0,0
29.5167,295.982,403.386,0,0
29.525,292.697,403.606,0,0
29.5333,289.411,403.836,0,0
29.5417,286.126,403.965,0,0
29.55,282.842,404.078,0,0
29.5583,279.559,404.206,0,0
29.5667,276.276,404.331,0,0
29.575,272.995,404.455,0,0
29.5833,269.715,404.637,0,0
29.5917,266.435,404.891,0,0
29.6,263.154,405.064,0,0
29.6083,259.875,405.174,0,0
29.6167,256.597,405.293,0,0
29.625,253.321,405.417,0,0
29.6333,250.045,405.543,0,0
29.6417,246.77,405.672,0,0
29.65,243.496,405.864,0,0
29.6583,240.222,406.094,0,0
29.6667,236.948,406.292,0,0
29.675,233.676,406.36,0,0
29.6833,230.408,406.483,0,0
29.6917,227.135,406.618,0,0
29.7,223.865,406.762,0,0
29.7083,220.594,406.928,0,0
29.7167,217.322,407.117,0,0
29.725,214.05,407.294,0,0
29.7333,210.774,407.41,0,0
29.7417,207.491,407.536,0,0
29.75,204.21,407.689,0,0
29.7583,200.928,407.836,0,0
29.7667,197.643,407.986,0,0
29.775,194.356,408.181,0,0
29.7833,191.068,408.362,0,0
29.7917,187.778,408.501,0,0
29.8,184.485,408.646,0,0
29.8083,181.192,408.778,0,0
29.8167,177.898,408.891,0,0
29.825,174.599,409.074,0,0
29.8333,171.297,409.271,0,0
29.8417,167.998,409.429,0,0
29.85,164.698,409.547,0,0
29.8583,161.398,409.671,0,0
29.8667,158.1,409.785,0,0
29.875,154.803,409.898,0,0
29.8833,151.509,410.107,0,0
29.8917,148.214,410.347,0,0
29.9,144.92,410.464,0,0
29.9083,141.629,410.559,0,0
29.9167,138.339,410.678,0,0
29.925,135.05,410.804,0,0
29.9333,131.762,410.948,0,0
29.9417,128.475,411.148,0,0
29.95,125.188,411.386,0,0
29.9583,121.901,411.435,0,0
29.9667,118.622,411.551,0,0
29.975,115.337,411.677,0,0
29.9833,112.056,411.806,0,0
29.9917,108.775,411.981,0,0
30,105.494,412.195,0,0
30.0083,102.214,412.356,0,0
30.0167,98.9388,412.432,0,0
30.025,95.663,412.549,0,0
30.0333,92.3886,412.67,0,0
30.0417,89.116,412.822,0,0
30.05,85.8447,413.052,0,0
30.0583,82.5745,413.197,0,0
30.0667,79.3074,413.281,0,0
30.075,76.0422,413.392,0,0
30.0833,72.7787,413.497,0,0
30.0917,69.5181,413.646,0,0
30.1,66.2603,413.863,0,0
30.1083,62.9979,413.999,0,0
30.1167,59.7385,414.113,0,0
30.125,56.4783,414.238,0,0
30.1333,53.2176,414.349,0,0
30.1417,49.9534,414.467,0,0
30.15,46.682,414.649,0,0
30.1583,43.4147,414.816,0,0
30.1667,40.1432,414.936,0,0
30.175,36.8674,415.074,0,0
30.1833,33.5927,415.211,0,0
30.1917,30.3166,415.355,0,0
30.2,27.0386,415.537,0,0
30.2083,23.7605,415.683,0,0
30.2167,20.4762,415.772,0,0
30.225,17.1861,415.894,0,0
30.2333,13.905,416.022,0,0
30.2417,10.6216,416.177,0,0
30.25,7.33931,416.39,0,0
30.2583,4.05803,416.487,0,0
